hour,interval,Pimp,Pexp,H,SoC,L_BW1,L_BW2,A_DC,Pch,Pdis,P_source,P_fan,P_cooling,TRCU,QRCU,PS1,PS2,Ti1,Ti2,To1,To2
0,0,0.7482877108349268,0.0,783.9,0.8,-0.0,-0.0,0.0849908193217101,0.1403508771929806,0.0,223.97142857142856,341.4275,565.3989285714285,25.0,0.05,500.0,500.0,20.0,20.0,38.0,38.0
0,1,0.0,0.0,1167.3144698986332,0.7513788516306535,0.0,0.0,0.0854921190192983,0.0,0.6093172255401968,333.51841997103804,233.01,566.528419971038,0.0,0.1,25.690381765299144,25.690381765299144,3.802010129160944,3.802010129160944,9.67922446018767,9.67922446018767
0,2,0.0,0.0,74.62498658488018,0.7242717454669639,0.0,0.0,0.0790576223220935,0.0,0.2938997647107449,21.3214247385372,233.01,254.33142473853715,0.0,0.1,23.7568155077891,23.7568155077891,0.313799927405474,0.313799927405474,0.6187809832908804,0.6187809832908804
0,3,0.0,0.0,65.05239931240935,0.6974665970194934,0.0,0.0,0.0835965336432924,0.0,0.2934364648920134,18.58639980354553,233.01,251.5963998035455,0.0,0.1,25.1207583598094,25.1207583598094,0.2609218301156019,0.2609218301156019,0.5394062961227972,0.5394062961227972
0,4,0.0,0.0,68.06275293089632,0.6710170176987438,0.0,0.0,0.0792551436981462,0.0,0.2921237002583211,19.44650083739895,233.01,252.4565008373989,0.0,0.1,23.81617068129294,23.81617068129294,0.2699635800581715,0.2699635800581716,0.5643677689129047,0.5643677689129047
0,5,0.0,0.0,65.12610065040995,0.644672656013315,0.0,0.0,0.0857051254703891,0.0,0.2945128726266183,18.60745732868856,233.01,251.6174573286885,0.0,0.1,25.754390203851937,25.754390203851937,0.2608825992365776,0.2608825992365776,0.5400174183284407,0.5400174183284407
0,6,0.0,0.0,69.49567456022287,0.618687183416599,0.0,0.0,0.0803502168462263,0.0,0.2930811905487427,19.855907017206533,233.01,252.8659070172065,0.0,0.1,24.14524016229101,24.14524016229101,0.274424037323351,0.274424037323351,0.5762493744628762,0.5762493744628762
0,7,0.0,0.0,65.87694579192285,0.5930024627563583,0.0,0.0,0.0811903054528341,0.0,0.2924677323911214,18.82198451197796,233.01,251.8319845119779,0.0,0.1,24.397686788576667,24.397686788576667,0.2632494819384849,0.2632494819384849,0.5462433316079837,0.5462433316079839
0,8,0.0,0.0,66.43110181183974,0.567513294740763,0.0,0.0,0.0827109610731157,0.0,0.2933871508204771,18.980314803382782,233.01,251.9903148033828,0.0,0.1,24.85464380247128,24.85464380247128,0.2649001920100945,0.2649001920100945,0.5508383234812582,0.5508383234812582
0,9,0.0,0.0,67.46696971528434,0.5423071757253745,0.0,0.0,0.0812757521642416,0.0,0.2929647910197127,19.27627706150981,233.01,252.28627706150976,0.0,0.1,24.423363525354624,24.423363525354624,0.2681357190031039,0.2681357190031039,0.559427609579472,0.559427609579472
0,10,0.2915326846493091,0.0,66.49649222783619,0.5368841039681207,0.0,0.0,0.0789684053345203,0.0,0.0,18.998997779381767,233.01,252.00899777938173,0.0,0.1,23.730005803023364,23.730005803023364,0.2651362497210279,0.2651362497210278,0.5513805325691226,0.5513805325691226
0,11,0.2904665797191476,0.0,64.92401113463451,0.5315152629284395,0.0,0.0,0.0777359885157026,0.0,0.0,18.54971746703843,233.01,251.5597174670384,0.0,0.1,23.359664548968645,23.359664548968645,0.2602214242867891,0.2602214242867891,0.5383417175342828,0.5383417175342828
1,12,0.384510053941351,0.0,64.92401113463451,0.5315152629284395,-0.0,-0.0,0.0793247647002628,0.0932482917418295,0.0,18.54971746703843,233.01,251.55971746703835,0.0,0.1,23.359664548968645,23.359664548968645,0.2602214242867891,0.2602214242867891,0.5383417175342828,0.5383417175342828
1,13,0.2912545490341886,0.0,64.07915676040822,0.5262001102991551,0.0,0.0,0.0797926444180117,0.0,0.0,18.30833050297377,233.01,251.3183305029737,0.0,0.1,23.97768964761253,23.97768964761253,0.2575589074885077,0.2575589074885077,0.5313362915456735,0.5313362915456735
1,14,0.2886469674853467,0.0,65.47280895616798,0.5209381091961636,0.0,0.0,0.0737871141672872,0.0,0.0,18.706516844619426,233.01,251.7165168446193,0.0,0.1,22.173027807269825,22.173027807269825,0.2618794790006199,0.2618794790006199,0.5428922799018904,0.5428922799018904
1,15,0.2896030522389261,0.0,61.39813688057984,0.5157287281042019,0.0,0.0,0.0780234314004063,0.0,0.0,17.54232482302281,233.01,250.5523248230228,0.0,0.1,23.4460411358221,23.4460411358221,0.249224371708656,0.249224371708656,0.5091056126084563,0.5091056126084563
1,16,0.2883921607471217,0.0,64.25804450658019,0.5105714408231599,0.0,0.0,0.0739714674516031,0.0,0.0,18.35944128759434,233.01,251.3694412875943,0.0,0.1,22.228425969206747,22.228425969206747,0.2580427519393642,0.2580427519393642,0.5328196061905487,0.5328196061905489
1,17,0.2906222033771787,0.0,61.51768851355528,0.5054657264149283,0.0,0.0,0.0799914504390298,0.0,0.0,17.576482432444365,233.01,250.5864824324443,0.0,0.1,24.03743085692848,24.03743085692848,0.2495710925473268,0.2495710925473268,0.5100969196812212,0.5100969196812212
1,18,0.289285968305653,0.0,65.59596286676742,0.5004110691507789,0.0,0.0,0.0749935357231445,0.0,0.0,18.741703676219263,233.01,251.7517036762192,0.0,0.1,22.53555748480494,22.53555748480494,0.2622098086513517,0.2622098086513517,0.543913456606695,0.543913456606695
1,19,0.3692930835275428,0.0,62.21848273854788,0.5,0.0,0.0,0.0757776184226452,0.080579676153138,0.0,17.77670935387082,233.01,250.7867093538708,0.0,0.1,22.77117433600489,22.77117433600489,0.2517802240447837,0.2517802240447837,0.5159078170692196,0.5159078170692194
1,20,0.3772908294875815,0.0,62.73569502437776,0.5,0.0,0.0,0.0771968970015746,0.0877192982456141,0.0,17.92448429267936,233.01,250.9344842926793,0.0,0.1,23.19766754897319,23.19766754897319,0.2533208867826211,0.2533208867826211,0.5201964761557027,0.5201964761557027
1,21,0.3768966270068697,0.0,63.70250506759864,0.5,0.0,0.0,0.0758573686866255,0.0877192982456141,0.0,18.20071573359961,233.01,251.2107157335996,0.0,0.1,22.795139290330987,22.795139290330987,0.2563407119761414,0.2563407119761414,0.5282131431807516,0.5282131431807514
1,22,0.3755599943944931,0.0,62.7967260793138,0.5,0.0,0.0,0.0737038449788856,0.0877192982456141,0.0,17.9419217369468,233.01,250.9519217369468,0.0,0.1,22.148005416155137,22.148005416155137,0.2535412073128709,0.2535412073128709,0.5207025379710929,0.5207025379710927
1,23,0.3745649631263423,0.0,61.32907705899222,0.5,0.0,0.0,0.0725535892813224,0.0877192982456141,0.0,17.52259344542635,233.01,250.5325934454263,0.0,0.1,21.8023535790374,21.8023535790374,0.2489540369075813,0.2489540369075813,0.5085329772719088,0.508532977271909
2,24,0.3751180760854875,0.0,61.32907705899222,0.5,-0.0,-0.0,0.0736587100788154,0.087719298245614,0.0,17.52259344542635,233.01,250.53259344542627,0.0,0.1,21.8023535790374,21.8023535790374,0.2489540369075813,0.2489540369075813,0.5085329772719088,0.508532977271909
2,25,0.3751102286845178,0.0,60.54054630971434,0.5,0.0,0.0,0.0740931698167252,0.0877192982456147,0.0,17.29729894563267,233.01,250.30729894563265,0.0,0.1,22.264997529925928,22.264997529925928,0.2464690212291854,0.2464690212291854,0.5019945796825401,0.5019945796825401
2,26,0.3726170246938536,0.0,61.58307798647449,0.5,0.0,0.0,0.068516606012481,0.0877192982456141,0.0,17.595165138992712,233.01,250.60516513899267,0.0,0.1,20.589240106750555,20.589240106750555,0.2496977862621459,0.2496977862621459,0.510639120949208,0.510639120949208
2,27,0.373504482903611,0.0,57.79828220130312,0.5,0.0,0.0,0.0724503291575201,0.0877192982456141,0.0,16.513794914658035,233.01,249.523794914658,0.0,0.1,21.77132391183481,21.77132391183481,0.2379377671355153,0.2379377671355153,0.4792560713209214,0.4792560713209213
2,28,0.3723800802000184,0.0,60.45389859695159,0.5,0.0,0.0,0.06868779120506,0.0877192982456141,0.0,17.272542456271882,233.01,250.28254245627184,0.0,0.1,20.640681257120555,20.640681257120555,0.2461261715849854,0.2461261715849854,0.5012761077690844,0.5012761077690844
2,29,0.3744508340350009,0.0,57.90928219246694,0.5,0.0,0.0,0.0742777754076706,0.0877192982456141,0.0,16.545509197847696,233.01,249.55550919784767,0.0,0.1,22.320471510005014,22.320471510005014,0.2382596297751606,0.2382596297751606,0.480176469257603,0.4801764692576031
2,30,0.3732100443253571,0.0,61.69625123344042,0.5,0.0,0.0,0.0696368546000628,0.0877192982456141,0.0,17.62750035241155,233.01,250.6375003524115,0.0,0.1,20.92587480731887,20.92587480731887,0.2499955804334054,0.2499955804334054,0.5115775392490912,0.5115775392490914
2,31,0.3726783806034797,0.0,58.5600196857946,0.5,0.0,0.0,0.0703649313924562,0.0877192982456141,0.0,16.731434195941315,233.01,249.74143419594128,0.0,0.1,21.14466188343312,21.14466188343312,0.2403109661557768,0.2403109661557768,0.4855723025356102,0.4855723025356102
2,32,0.3734752099090737,0.0,59.04028823692222,0.5,0.0,0.0,0.0716828329300336,0.0877192982456141,0.0,16.868653781977777,233.01,249.87865378197773,0.0,0.1,21.540691295475103,21.540691295475103,0.2417415815551963,0.2417415815551963,0.4895546288302007,0.4895546288302007
2,33,0.3731091647484127,0.0,59.93804041991302,0.5,0.0,0.0,0.0704389852090094,0.0877192982456141,0.0,17.125154405689436,233.01,250.1351544056894,0.0,0.1,21.166915055307346,21.166915055307346,0.2445457049491793,0.2445457049491793,0.4969986767820317,0.4969986767820317
2,34,0.371868005894063,0.0,59.09695993079137,0.5,0.0,0.0,0.0684392846232509,0.0877192982456141,0.0,16.88484569451182,233.01,249.8948456945118,0.0,0.1,20.56600502928692,20.56600502928692,0.2419461649047139,0.2419461649047139,0.4900245433730628,0.4900245433730627
2,35,0.370944048287923,0.0,57.734142983349926,0.5,0.0,0.0,0.0673711900469423,0.0877192982456141,0.0,16.495469423814264,233.01,249.50546942381425,0.0,0.1,20.24504260910616,20.24504260910616,0.2376866495283736,0.2376866495283736,0.4787242370095349,0.4787242370095349
3,36,0.3726730218948573,0.0,57.73414298334683,0.5,-0.0,-0.0,0.0708256827680917,0.087719298245614,0.0,16.49546942381338,233.01,249.5054694238133,0.0,0.1,20.24504260910616,20.24504260910616,0.2376866495283736,0.2376866495283736,0.4787242370095349,0.4787242370095349
3,37,0.3726729036082059,0.0,57.00193585902047,0.5,0.0,0.0,0.0712434325160819,0.0877192982456147,0.0,16.286267388291563,233.01,249.2962673882916,0.0,0.1,21.40865147108262,21.40865147108262,0.2353791349698631,0.2353791349698631,0.4726528678194068,0.4726528678194068
3,38,0.3707400362638057,0.0,59.62992481139831,0.5,0.0,0.0,0.0658813519350779,0.0877192982456141,0.0,17.03712137468523,233.01,250.0471213746852,0.0,0.1,19.79734625649092,19.79734625649092,0.2435443563612542,0.2435443563612542,0.4944438209900357,0.4944438209900357
3,39,0.3715955246316169,0.0,55.99826917631185,0.5,0.0,0.0,0.069663778036077,0.0877192982456141,0.0,15.999505478946244,233.01,249.0095054789462,0.0,0.1,20.93396529984116,20.93396529984116,0.232293817805939,0.2322938178059391,0.464330590185007,0.464330590185007
3,40,0.3705143905505485,0.0,58.55182475624753,0.5,0.0,0.0,0.0660459530817885,0.0877192982456141,0.0,16.729092787499294,233.01,249.7390927874993,0.0,0.1,19.84680890107745,19.84680890107745,0.2401678747181023,0.2401678747181023,0.4855043512126661,0.485504351212666
3,41,0.372505500238488,0.0,56.10507902276363,0.5,0.0,0.0,0.0714209378919909,0.0877192982456141,0.0,16.030022577932467,233.01,249.04002257793243,0.0,0.1,21.46199183654328,21.46199183654328,0.2326038983199137,0.2326038983199136,0.4652162439698477,0.4652162439698477
3,42,0.3713124332123749,0.0,59.74639541668223,0.5,0.0,0.0,0.0669585140385219,0.0877192982456141,0.0,17.070398690480637,233.01,250.0803986904806,0.0,0.1,20.12103346857584,20.12103346857584,0.2438884663237172,0.2438884663237171,0.4954095805695043,0.4954095805695044
3,43,0.3708012180952099,0.0,56.73078815941699,0.5,0.0,0.0,0.0676585878773618,0.0877192982456141,0.0,16.208796616976283,233.01,249.21879661697625,0.0,0.1,20.331405657147226,20.331405657147226,0.234576337211266,0.234576337211266,0.4704045452687975,0.4704045452687976
3,44,0.3715674001198197,0.0,57.19258484319441,0.5,0.0,0.0,0.0689258008942631,0.0877192982456141,0.0,16.340738526626975,233.01,249.3507385266269,0.0,0.1,20.712203168726063,20.712203168726063,0.2359519289414838,0.2359519289414838,0.4742337051674495,0.4742337051674496
3,45,0.3712154336191842,0.0,58.05580809607022,0.5,0.0,0.0,0.0677297934702013,0.0877192982456141,0.0,16.58737374173435,233.01,249.59737374173432,0.0,0.1,20.35280293779552,20.35280293779552,0.2386482014356983,0.2386482014356983,0.4813914435826718,0.4813914435826719
3,46,0.3700220116438479,0.0,57.24707685653015,0.5,0.0,0.0,0.0658070044454336,0.0877192982456141,0.0,16.356307673294328,233.01,249.3663076732943,0.0,0.1,19.7750048358528,19.7750048358528,0.2361486437006354,0.2361486437006354,0.4746855460740476,0.4746855460740477
3,47,0.3691335908687132,0.0,55.93667594552875,0.5,0.0,0.0,0.0647799904297522,0.0877192982456141,0.0,15.981907413008214,233.01,248.99190741300816,0.0,0.1,19.46638712414054,19.46638712414054,0.2320529558387697,0.2320529558387697,0.4638198668783478,0.4638198668783478
4,48,0.3735773900530694,0.0,55.93667594552875,0.5,-0.0,-0.0,0.0736587100788154,0.087719298245614,0.0,15.981907413008214,233.01,248.9919074130081,0.0,0.1,19.46638712414054,19.46638712414054,0.2320529558387697,0.2320529558387697,0.4638198668783478,0.4638198668783478
4,49,0.3735936813485061,0.0,55.23263063367352,0.5,0.0,0.0,0.0740931698167252,0.0877192982456147,0.0,15.780751609621008,233.01,248.790751609621,0.0,0.1,22.264997529925928,22.264997529925928,0.2298341918402019,0.2298341918402019,0.4579820118878401,0.4579820118878401
4,50,0.3726099209593712,0.0,61.55821491578623,0.5,0.0,0.0,0.068516606012481,0.0877192982456141,0.0,17.588061404510352,233.01,250.5980614045103,0.0,0.1,20.589240106750555,20.589240106750555,0.249510035667182,0.249510035667182,0.510432959500715,0.510432959500715
4,51,0.3735044094590227,0.0,57.79802514524435,0.5,0.0,0.0,0.0724503291575201,0.0877192982456141,0.0,16.513721470069815,233.01,249.52372147006977,0.0,0.1,21.77132391183481,21.77132391183481,0.2379358260064978,0.2379358260064978,0.4792539398444805,0.4792539398444805
4,52,0.3723800794406844,0.0,60.453895939282376,0.5,0.0,0.0,0.06868779120506,0.0877192982456141,0.0,17.27254169693782,233.01,250.28254169693776,0.0,0.1,20.640681257120555,20.640681257120555,0.2461261515159045,0.2461261515159045,0.5012760857320264,0.5012760857320262
4,53,0.3744508340271502,0.0,57.909282164989634,0.5,0.0,0.0,0.0742777754076706,0.0877192982456141,0.0,16.545509189997038,233.01,249.555509189997,0.0,0.1,22.320471510005014,22.320471510005014,0.238259629567669,0.238259629567669,0.4801764690297647,0.4801764690297647
4,54,0.3732100443252759,0.0,61.69625123315635,0.5,0.0,0.0,0.0696368546000628,0.0877192982456141,0.0,17.627500352330387,233.01,250.6375003523304,0.0,0.1,20.92587480731887,20.92587480731887,0.2499955804312602,0.2499955804312602,0.511577539246736,0.5115775392467358
4,55,0.3726783806034789,0.0,58.56001968579167,0.5,0.0,0.0,0.0703649313924562,0.0877192982456141,0.0,16.731434195940476,233.01,249.74143419594043,0.0,0.1,21.14466188343312,21.14466188343312,0.2403109661557546,0.2403109661557546,0.4855723025355859,0.4855723025355859
4,56,0.3734752099090737,0.0,59.04028823692218,0.5,0.0,0.0,0.0716828329300336,0.0877192982456141,0.0,16.868653781977766,233.01,249.87865378197773,0.0,0.1,21.540691295475103,21.540691295475103,0.2417415815551961,0.241741581555196,0.4895546288302005,0.4895546288302004
4,57,0.3731091647484127,0.0,59.93804041991302,0.5,0.0,0.0,0.0704389852090094,0.0877192982456141,0.0,17.125154405689436,233.01,250.1351544056894,0.0,0.1,21.166915055307346,21.166915055307346,0.2445457049491793,0.2445457049491793,0.4969986767820317,0.4969986767820317
4,58,0.371868005894063,0.0,59.09695993079137,0.5,0.0,0.0,0.0684392846232509,0.0877192982456141,0.0,16.88484569451182,233.01,249.8948456945118,0.0,0.1,20.56600502928692,20.56600502928692,0.2419461649047139,0.2419461649047139,0.4900245433730628,0.4900245433730627
4,59,0.370944048287923,0.0,57.734142983349926,0.5,0.0,0.0,0.0673711900469423,0.0877192982456141,0.0,16.495469423814264,233.01,249.50546942381425,0.0,0.1,20.24504260910616,20.24504260910616,0.2376866495283736,0.2376866495283736,0.4787242370095349,0.4787242370095349
5,60,0.3868523235850293,0.0,57.73414298334683,0.5,-0.0,-0.0,0.0991559558753285,0.087719298245614,0.0,16.49546942381338,233.01,249.5054694238133,0.0,0.1,20.24504260910616,20.24504260910616,0.2376866495283736,0.2376866495283736,0.4787242370095349,0.4787242370095349
5,61,0.3869358387979255,0.0,57.00193585902047,0.5,0.0,0.0,0.0997408055225147,0.0877192982456147,0.0,16.286267388291563,233.01,249.2962673882916,0.0,0.1,29.97211205951568,29.97211205951568,0.2353791349698631,0.2353791349698631,0.4726528678194068,0.4726528678194068
5,62,0.3894625623344008,0.0,78.99570275757169,0.5,0.0,0.0,0.092233892709109,0.0877192982456141,0.0,22.570200787877628,233.01,255.5802007878776,0.0,0.1,27.716284759087287,27.716284759087287,0.3038269847370783,0.3038269847370783,0.6550224109251384,0.6550224109251384
5,63,0.3906846177209693,0.0,73.99668571916615,0.5,0.0,0.0,0.0975292892505079,0.0877192982456141,0.0,21.141910205476044,233.01,254.151910205476,0.0,0.1,29.307551419777624,29.307551419777624,0.288720370241585,0.2887203702415851,0.6135711917012118,0.6135711917012118
5,64,0.3891712819830213,0.0,77.57254544549328,0.5,0.0,0.0,0.0924643343145039,0.0877192982456141,0.0,22.16358441299808,233.01,255.17358441299805,0.0,0.1,27.78553246150844,27.78553246150844,0.2997507095930605,0.2997507095930605,0.6432217698631283,0.6432217698631283
5,65,0.3919588381512792,0.0,74.14711053661446,0.5,0.0,0.0,0.0999893130487873,0.0877192982456141,0.0,21.18488872474699,233.01,254.19488872474696,0.0,0.1,30.04678857116059,30.04678857116059,0.2891612114891056,0.2891612114891056,0.6148184953284782,0.614818495328478
5,66,0.390288544341655,0.0,79.2449535823703,0.5,0.0,0.0,0.0937419196539307,0.0877192982456141,0.0,22.641415309248657,233.01,255.65141530924865,0.0,0.1,28.169446856006186,28.169446856006186,0.3049596074062979,0.3049596074062979,0.6570891673496706,0.6570891673496708
5,67,0.3895728431779025,0.0,75.02310342317361,0.5,0.0,0.0,0.0947220230283065,0.0877192982456141,0.0,21.43517240662103,233.01,254.445172406621,0.0,0.1,28.46396792000612,28.46396792000612,0.2919226266562263,0.2919226266562263,0.6220821179367628,0.6220821179367628
5,68,0.3906454980123591,0.0,75.66961878047209,0.5,0.0,0.0,0.0964961212519683,0.0877192982456141,0.0,21.619891080134884,233.01,254.62989108013485,0.0,0.1,28.997084436216493,28.997084436216493,0.2938484550786072,0.2938484550786072,0.6274429417949593,0.6274429417949593
5,69,0.3901527449114694,0.0,76.87813133449832,0.5,0.0,0.0,0.0948217108582819,0.0877192982456141,0.0,21.96518038128524,233.01,254.9751803812852,0.0,0.1,28.49392411291373,28.49392411291373,0.2976232365705084,0.2976232365705084,0.6374637755762713,0.6374637755762713
5,70,0.3884819541459987,0.0,75.74590759914221,0.5,0.0,0.0,0.092129806223607,0.0877192982456141,0.0,21.641687885469203,233.01,254.6516878854692,0.0,0.1,27.68500677019392,27.68500677019392,0.2941238557414203,0.2941238557414203,0.6280755190641975,0.6280755190641975
5,71,0.3872381650608101,0.0,73.91134632374026,0.5,0.0,0.0,0.090691986601653,0.0877192982456141,0.0,21.117527521068645,233.01,254.1275275210686,0.0,0.1,27.25294197379676,27.25294197379676,0.2883898927348084,0.2883898927348084,0.6128635681902177,0.6128635681902177
6,72,0.4269226359077145,0.0,73.91134632374026,0.5,-0.0,-0.0,0.1699816386434202,0.087719298245614,0.0,21.117527521068645,233.01,254.12752752106857,0.0,0.1,27.25294197379676,27.25294197379676,0.2883898927348084,0.2883898927348084,0.6128635681902177,0.6128635681902177
6,73,0.4271428187802596,0.0,72.92568288714294,0.5,0.0,0.0,0.1709842380385966,0.0877192982456147,0.0,20.83590939632656,233.01,253.84590939632653,0.0,0.1,51.38076353059829,51.38076353059829,0.2852836231368135,0.2852836231368135,0.604690571203507,0.604690571203507
6,74,0.4362901887143353,0.0,127.48473683506988,0.5,0.0,0.0,0.158115244644187,0.0877192982456141,0.0,36.42421052430568,233.01,269.4342105243056,0.0,0.1,47.5136310155782,47.5136310155782,0.4550968074615305,0.4550968074615305,1.0570873701083736,1.0570873701083736
6,75,0.4384075707781151,0.0,118.99349824447822,0.5,0.0,0.0,0.1671930672865849,0.0877192982456141,0.0,33.99814235556521,233.01,267.0081423555652,0.0,0.1,50.24151671961879,50.24151671961879,0.4297925747177521,0.4297925747177521,0.9866790899210464,0.9866790899210464
6,76,0.4358135128422057,0.0,125.12435514161533,0.5,0.0,0.0,0.1585102873962924,0.0877192982456141,0.0,35.74981575474723,233.01,268.7598157547472,0.0,0.1,47.63234136258588,47.63234136258588,0.4487078569876985,0.4487078569876985,1.0375153826004586,1.0375153826004586
6,77,0.4405921829568088,0.0,119.2521894036734,0.5,0.0,0.0,0.1714102509407782,0.0877192982456141,0.0,34.07205411533526,233.01,267.0820541153352,0.0,0.1,51.508780407703874,51.508780407703874,0.4305544950345602,0.4305544950345602,0.9888241244085688,0.988824124408569
6,78,0.4377288221650988,0.0,127.99134899744271,0.5,0.0,0.0,0.1607004336924526,0.0877192982456141,0.0,36.56895685641221,233.01,269.57895685641216,0.0,0.1,48.29048032458202,48.29048032458202,0.4576374601191856,0.4576374601191856,1.0612881343071534,1.0612881343071534
6,79,0.4365019058846365,0.0,120.75389158257396,0.5,0.0,0.0,0.1623806109056683,0.0877192982456141,0.0,34.501111880735415,233.01,267.51111188073537,0.0,0.1,48.795373577153335,48.795373577153335,0.4352883502686934,0.4352883502686934,1.0012760496067492,1.0012760496067492
6,80,0.4383407427437075,0.0,121.86220362366632,0.5,0.0,0.0,0.1654219221462314,0.0877192982456141,0.0,34.81777246390467,233.01,267.82777246390464,0.0,0.1,49.70928760494255,49.70928760494255,0.4385897704214165,0.4385897704214165,1.010466033363734,1.0104660333637343
6,81,0.4374960231421824,0.0,123.93393943056856,0.5,0.0,0.0,0.1625515043284833,0.0877192982456141,0.0,35.409696980162444,233.01,268.4196969801624,0.0,0.1,48.84672705070925,48.84672705070925,0.4450608244075337,0.4450608244075336,1.02764460556027,1.02764460556027
6,82,0.4346318104013753,0.0,121.9929844556724,0.5,0.0,0.0,0.1579368106690406,0.0877192982456141,0.0,34.8551384159064,233.01,267.8651384159064,0.0,0.1,47.46001160604673,47.46001160604673,0.4390618858433825,0.4390618858433824,1.011550451539572,1.0115504515395717
6,83,0.4324996005410522,0.0,118.848022269269,0.5,0.0,0.0,0.1554719770314052,0.0877192982456141,0.0,33.956577791219715,233.01,266.96657779121966,0.0,0.1,46.71932909793729,46.71932909793729,0.429232234974905,0.429232234974905,0.9854728214698923,0.985472821469892
7,84,0.4681202895582095,0.0,118.848022269269,0.5,-0.0,-0.0,0.2266421848578937,0.087719298245614,0.0,33.956577791219715,233.01,266.96657779121966,0.0,0.1,46.71932909793729,46.71932909793729,0.429232234974905,0.429232234974905,0.9854728214698923,0.985472821469892
7,85,0.4683125713188369,0.0,117.15404454933802,0.5000003890689271,9.020179832675244e-05,9.020252518151513e-05,0.2279797168073957,0.0877261240162656,0.0,33.47258415695372,233.0100674467909,266.48265160374467,3.5046794063690035e-05,0.0999999638703754,68.50787861850016,68.5078786194693,0.4239072013783422,0.4239072013783422,0.9714619694926738,0.9714619694926738
7,86,0.4737943889499213,0.0,166.4217401215015,0.5000003890783424,9.020271626450508e-05,9.02019564690087e-05,0.2108210589483194,0.0877193666685017,0.0,47.54906860614329,233.0100662345068,280.5591348406501,1.761086302386311e-05,0.0999999645197668,63.35170193304433,63.35170193203127,0.5772280136909527,0.577228013697775,1.3799661943418409,1.3799661943600134
7,87,0.4765863205065561,0.0,154.99073294171308,0.500000389078398,9.020206052558738e-05,9.020284617821348e-05,0.2229248224721063,0.0877193665059489,0.0,44.28306655477516,233.010066361331,277.2931329161062,1.761082452063613e-05,0.0999999644518301,66.98888287095006,66.98888287199759,0.5426632185185424,0.5426632185114878,1.2851816907544,1.285181690735488
7,88,0.4731272526465575,0.0,163.1640753160492,0.500000389078392,9.020293771687214e-05,9.020213539012834e-05,0.2113477826183645,0.0877193665048734,0.0,46.61830723315692,233.01006627059468,279.6283735037516,1.7610810537209984e-05,0.0999999645004354,63.50998239607392,63.50998239500415,0.5678750567852957,0.5678750567925901,1.352954038984081,1.3529540390036363
7,89,0.4794988103221305,0.0,155.3345120235568,0.5000003890783855,9.02021915002335e-05,9.020300652847092e-05,0.2285477340115031,0.0877193665048686,0.0,44.38128914958766,233.0100663575056,277.39135550709324,1.761079488140003e-05,0.0999999644538793,68.67856778861895,68.67856778970565,0.5436704859589594,0.5436704859515112,1.288032264530189,1.2880322645102196
7,90,0.4756809946178529,0.0,166.9867206636102,0.5000003890783787,9.020306353365732e-05,9.0202239031144e-05,0.2142679776802387,0.0877193665048621,0.0,47.710491618174345,233.01006622824093,280.72055784641526,1.7610793176895064e-05,0.0999999645231233,64.38750101226942,64.38750101117009,0.579781105110984,0.5797811051185496,1.3846509433336844,1.3846509433539695
7,91,0.4740451073056002,0.0,157.3367807847644,0.5000003890783717,9.0202277281861e-05,9.02031093566362e-05,0.216508213964656,0.087719366504854,0.0,44.95336593850411,233.01006633525552,277.9634322737596,1.761078215297821e-05,0.0999999644657982,65.06069201466255,65.06069201577198,0.5499822920376334,0.5499822920299802,1.304634830472838,1.304634830452318
7,92,0.4764968896204232,0.0,158.81452965615523,0.5000003890783643,9.020315018058814e-05,9.020231181360264e-05,0.2205632956189059,0.0877193665048472,0.0,45.37557990175864,233.0100663188445,278.3856462206031,1.7610778668095913e-05,0.0999999644745892,66.27924405289535,66.27924405177754,0.5543841855161822,0.5543841855239054,1.3168881420783918,1.3168881420991003
7,93,0.4753705965160071,0.0,161.5768431117113,0.5000003890783571,9.020252259166736e-05,9.020336629593444e-05,0.2167360718636926,0.0877193665048499,0.0,46.1648123176318,233.01006628818124,279.17487860581303,1.761077784807128e-05,0.0999999644910147,65.12916331326014,65.12916331438507,0.5630122575133071,0.5630122575055255,1.3397929050365005,1.3397929050156352
7,94,0.4715516465050596,0.0,158.98890403096058,0.5000003890763439,9.022094738579464e-05,9.02200987581168e-05,0.2105831471589492,0.0877193664696562,0.0,45.42540115170302,233.01006631600936,278.4354674677124,1.7610879997002025e-05,0.0999999644761079,63.28020942914843,63.28020942801693,0.5550136727714737,0.5550136727793047,1.318334033011572,1.31833403303257
7,95,0.4687027146580508,0.0,154.795621587213,0.5000000470783172,9.415358145948836e-05,9.415451019315978e-05,0.2072967418298594,0.0877133665392409,0.0,44.22732045348943,233.0100662838812,277.2373867373706,1.7620298585076203e-05,0.0999999644933181,62.2926419670509,62.29264196828921,0.5419074718966314,0.5419074718887545,1.2835638603616213,1.2835638603405009
8,96,0.5067497101441465,0.0,154.79562158752017,0.5000000470783172,-0.0,-0.0,0.2833027310723671,0.0877193065049664,0.0,44.22732045357719,233.01006628388143,277.2373867374586,1.7620298585076203e-05,0.0999999644933181,62.2926419670509,62.29264196828921,0.5419074718966314,0.5419074718887545,1.2835638603616213,1.2835638603405009
8,97,0.5069480684744305,0.0,152.54060208059656,0.5000003890487635,9.020142243589334e-05,9.020347530788688e-05,0.284974462833588,0.0877253059864813,0.0,43.58302916588473,233.0100672416937,276.5930964075784,3.499486720113367e-05,0.0999999639802411,85.63479979620439,85.63479979894156,0.5348074919995306,0.5348074920081586,1.26488289722192,1.2648828972450423
8,98,0.5112867960432078,0.0,205.3190386243597,0.5000003890780893,9.020390615805384e-05,9.020182221577828e-05,0.2635261405099579,0.0877193670142689,0.0,58.662582464102776,233.0100658064896,291.6726482705924,1.7610961454338987e-05,0.0999999647490453,79.189578941188,79.18957893840941,0.6990449572745987,0.6990449572939644,1.702497801659671,1.7024978017111043
8,99,0.5147649923964654,0.0,190.98926739177904,0.5000003890782428,9.02020856497963e-05,9.020420357423152e-05,0.278655844915157,0.0877193665076213,0.0,54.568362111936864,233.0100659634917,287.5784280754286,1.761086607963453e-05,0.0999999646649431,83.73605511228247,83.73605511510637,0.6555292646452616,0.6555292646259203,1.5836771040758346,1.583677104023972
8,100,0.5054448201864552,0.0,201.2055213869747,0.5000003890782271,9.020440954319191e-05,9.020227152938692e-05,0.2641845450980756,0.0877193665046804,0.0,57.48729182484992,233.0100658514651,290.497357676315,1.7610826102003508e-05,0.0999999647249531,79.38742952033348,79.3874295174828,0.6870408605358704,0.6870408605555306,1.668389023422812,1.6683890234755243
8,101,0.5034215360160835,0.0,191.41856284838624,0.5000003890782106,9.020241170169411e-05,9.020456531254027e-05,0.2856844843398192,0.0877193665046636,0.0,54.69101795668178,233.01006595876464,287.7010839154464,1.7610787568288972e-05,0.0999999646674752,85.84816125962686,85.84816126249834,0.656785113909366,0.656785113889521,1.5872367690349132,1.587236768981702
8,102,0.4687236963931641,0.0,205.9838236669338,0.5000003890781934,9.020469153202649e-05,9.02025276078032e-05,0.2678347889257153,0.0877193665046465,0.0,58.85252104769537,233.01006579919385,291.8625868468892,1.761077881747643e-05,0.0999999647529535,80.48432779077397,80.48432778788874,0.7019233874981194,0.7019233875181089,1.7080101171381992,1.7080101171917976
8,103,0.4467598072366821,0.0,193.92139876723684,0.5000003890781753,9.020262130486772e-05,9.0204793448096e-05,0.2706350842813426,0.087719366504628,0.0,55.40611393349624,233.01006593128423,288.4161798647805,1.7610752804871062e-05,0.0999999646821959,81.32581654232614,81.32581654522232,0.6646748711629632,0.6646748711428787,1.6079899760868694,1.6079899760330152
8,104,0.419993015133035,0.0,195.76858486519623,0.5000003890781562,9.020487707956676e-05,9.020269829615931e-05,0.2757039363492091,0.0877193665046086,0.0,55.93388139005607,233.01006591101995,288.94394730107604,1.7610742872767925e-05,0.0999999646930509,82.84900659167545,82.8490065887704,0.6701772380018972,0.670177238022058,1.6233066155677098,1.6233066156217684
8,105,0.3888100587557025,0.0,199.22147670030097,0.5000003890781363,9.020249100312194e-05,9.02046750328094e-05,0.2709199066501864,0.0877193665045874,0.0,56.92042191437171,233.01006587318943,289.9304877875612,1.7610735048548588e-05,0.0999999647133158,81.41140566449286,81.4114056674049,0.6809623280090426,0.6809623279888204,1.6519375692943254,1.6519375692401008
8,106,0.3493700873641215,0.0,195.98655286692912,0.5000003890781225,9.017782906012651e-05,9.01756420846022e-05,0.2632287502832804,0.0877193665046952,0.0,55.99615796197975,233.01006590998816,289.0062238719679,1.7610561293451038e-05,0.0999999646936036,79.100213196922,79.10021319400603,0.6709640970630514,0.670964097083322,1.6251139792135747,1.625113979267929
8,107,0.3013523092938621,0.0,190.7449524910149,0.5000000470782515,8.474648521684192e-05,8.47484194196116e-05,0.2591206409361056,0.0877133665071968,0.0,54.4985578545757,233.01006608720124,287.50862394177693,1.7596112633170408e-05,0.0999999645986749,77.86572975319402,77.86572975577295,0.6545813451766045,0.6545813451563067,1.581651261291419,1.5816512612369915
9,108,0.2833096240386251,0.0,190.7449524910149,0.5000000470782515,-0.0,-0.0,0.3116330041796039,0.0877193065049546,0.0,54.4985578545757,233.01006608720127,287.508623941777,1.7596112633170408e-05,0.0999999645986749,77.86572975319402,77.86572975577295,0.6545813451766045,0.6545813451563067,1.581651261291419,1.5816512612369915
9,109,0.1708195026576349,0.0,0.0,0.5,0.0,0.0,0.3134711030707605,0.0877184805707198,0.0,0.0,233.01,233.01,1.5582996050389246,0.1,94.19806647276351,94.19806647276351,0.6457062004038934,0.6457062004218183,1.558299605014871,1.5582996050629778
9,110,0.1247516452270427,0.0,0.0,0.5,0.0,0.0,0.2898779485143429,0.0877192982456141,0.0,0.0,233.01,233.01,1.8657247054796595,0.1,87.10832352856005,87.10832352856005,0.7618567341844007,0.7618567341846034,1.8657247054795485,1.8657247054797708
9,111,0.098897810236663,0.0,0.0,0.5,0.0,0.0,0.3065206233587391,0.0877192982456141,0.0,0.0,233.01,233.01,1.7344722871407108,0.1,92.10944731930113,92.10944731930113,0.713511672728912,0.713511672728914,1.7344722871407094,1.7344722871407117
9,112,0.0568239498723288,0.0,0.0,0.5,0.0,0.0,0.2906021935598695,0.0877192982456141,0.0,0.0,233.01,233.01,1.8275423529497568,0.1,87.32595916474081,87.32595916474081,0.7480617589181394,0.7480617589181393,1.8275423529497568,1.8275423529497568
9,113,0.0394875714213565,0.0,0.0,0.5,0.0,0.0,0.3142521267247601,0.0877192982456141,0.0,0.0,233.01,233.01,1.738349902571466,0.1,94.43276408079043,94.43276408079043,0.7148556584897037,0.7148556584897037,1.738349902571466,1.738349902571466
9,114,0.0,0.0,0.0,0.5002453064619089,0.0,0.0,0.2946174617694965,0.0920229203843669,0.0,0.0,233.01,233.01,1.871128311949628,0.1,88.5325472617337,88.5325472617337,0.764435335517243,0.764435335517243,1.871128311949628,1.871128311949628
9,115,0.0317998145517753,0.0,0.0,0.5,0.0,0.0,0.297697786660392,0.0834587123282492,0.0,0.0,233.01,233.01,1.7612141948460702,0.1,89.4581848914478,89.4581848914478,0.7235701896031536,0.7235701896031536,1.7612141948460702,1.7612141948460702
9,116,0.0388510569749603,0.0,0.0,0.5,0.0,0.0,0.3032735239347577,0.0877192982456141,0.0,0.0,233.01,233.01,1.7779736090239129,0.1,91.13369394239469,91.13369394239469,0.729533702905767,0.729533702905767,1.7779736090239129,1.7779736090239129
9,117,0.0362172094256916,0.0,0.0,0.5,0.0,0.0,0.2980110912688861,0.0877192982456141,0.0,0.0,233.01,233.01,1.8094803924904952,0.1,89.5523329263003,89.5523329263003,0.7414101401129096,0.7414101401129097,1.8094803924904952,1.8094803924904952
9,118,0.022267858435348,0.0,0.0,0.5,0.0,0.0,0.2895508195599079,0.0877192982456141,0.0,0.0,233.01,233.01,1.7800004184455287,0.1,87.01002127775234,87.01002127775234,0.7304380744701805,0.7304380744701805,1.7800004184455287,1.7800004184455287
9,119,0.0118444331700144,0.0,0.0,0.5,0.0,0.0,0.2850319578909097,0.0877192982456141,0.0,0.0,233.01,233.01,1.7321675547760271,0.1,85.65210334621837,85.65210334621837,0.712393121836938,0.7123931218369381,1.7321675547760274,1.7321675547760274
10,120,0.0225746276825917,0.0,0.0,0.5,-0.0,-0.0,0.3257981407332221,0.087719298245614,0.0,0.0,233.01,233.01,1.7321675547760271,0.1,85.65210334621837,85.65210334621837,0.712393121836938,0.7123931218369381,1.7321675547760274,1.7321675547760274
10,121,0.0,0.039191707072611,0.0,0.5,0.0,0.0,0.3277197895739769,0.0877192982456147,0.0,0.0,233.01,233.01,1.7064415080570154,0.1,98.47979676698006,98.47979676698006,0.7025910596180446,0.7025910596180446,1.7064415080570154,1.7064415080570154
10,122,0.0,0.0404160383065554,0.0,0.5,0.0,62.38514016577551,0.3030542189013584,0.0877192982456141,0.0,0.0,233.01,233.01,1.9468388561784395,0.1,91.0677927798582,174.2479796675589,0.7927602117002543,0.7927602117002543,1.9468388561784395,1.9468388561784395
10,123,0.0,0.1682763143674951,0.0,0.5,0.0,20.89913341082313,0.3204533789659545,0.0877192982456141,0.0,0.0,233.01,233.01,2.5890485398170178,0.1,96.29624037926934,124.16175159370016,0.7417993889682988,1.3273477479057911,1.809167732109035,3.3689293475250004
10,124,0.0,0.2541257227414691,0.0,0.5,0.0,19.81378592453656,0.3038113841762272,0.0877192982456141,0.0,0.0,233.01,233.01,2.1719959632886097,0.1,91.29532094495627,117.71370217767168,0.7785552621854118,0.9813302935425752,1.907102508945893,2.4368894176313263
10,125,0.0,0.2632939012888589,0.0,0.5,0.0,21.426281367597284,0.3285363143031583,0.0877192982456141,0.0,0.0,233.01,233.01,2.0623890813823627,0.1,98.72516244809908,127.29353760489546,0.7434242120898173,0.931681388875964,1.8134413450052853,2.31133681775944
10,126,0.0,0.2990077092680882,0.0,0.5,20.08755421155658,0.0,0.3080091645772009,0.0877192982456141,0.0,0.0,233.01,233.01,2.22125491332715,0.1,119.34015957085764,92.55675395544888,0.7952398135099461,0.9984720447932186,1.9522370341925988,2.490272792461701
10,127,0.0,0.3160125397333912,0.0,0.5,20.29757636320855,0.0,0.3112295042358643,0.0877192982456141,0.0,0.0,233.01,233.01,2.0897183917010294,0.1,120.587901173822,93.52446602287723,0.9410756801571232,0.7548274321694168,2.339574776209466,1.8398620071925929
10,128,0.0,0.3361747499978187,0.0,0.5,20.67774026827894,0.0,0.3170586841136102,0.0877192982456141,0.0,0.0,233.01,233.01,2.109774673389195,0.1,122.84645493384517,95.2761345761399,0.9513981305150012,0.7587782568687135,2.3646724849717726,1.8548768618066167
10,129,0.0,0.3582486408598607,0.0,0.5,20.31893804106042,0.0,0.3115570499629264,0.0877192982456141,0.0,0.0,233.01,233.01,2.147479395381689,0.1,120.71481090193996,93.6228935138594,0.967428868035214,0.7711730019338661,2.407166866548055,1.887791924215323
10,130,0.0,0.3822621936414908,0.0,0.5,19.74210133363006,0.0,0.3027122204489946,0.0877192982456141,0.0,0.0,233.01,233.01,2.112200191833034,0.1,117.28782402309628,90.96502224492288,0.9526350475776229,0.7597058944424095,2.367424769731681,1.8569756139343871
10,131,0.0,0.0,0.0,0.5227506798161158,19.433997128925697,0.0,0.2979879559768601,0.4868540318616807,0.0,0.0,233.01,233.01,2.054957762409149,0.1,115.4573769429474,89.54538077104647,0.9283144224432652,0.7408370950546271,2.3029506098210835,1.806964914997216
11,132,0.0,0.4188217741361612,0.0,0.5227506798161158,-0.0,-0.0,0.3399632772868405,0.0917106455817743,0.0,0.0,233.01,233.01,2.054957762409149,0.1,115.4573769429474,89.54538077104647,0.9283144224432652,0.7408370950546271,2.3029506098210835,1.806964914997216
11,133,0.0,0.4526284823869615,0.0,0.5175231730179546,51.14488150230254,0.0,0.3419684760771933,0.0,0.0,0.0,233.01,233.01,2.024170949730665,0.1,170.9547023976,102.76152706119656,0.9151074073673342,0.7305835095422135,2.2682783695567688,1.780063529904562
11,134,0.0,0.3476694877238461,0.0,0.5219486335286587,23.717286696628065,0.0,0.316230489288374,0.1684331972084854,0.0,0.0,233.01,233.01,2.66824427747798,0.1,126.65031095999382,95.0272620311564,1.3056076242761216,0.8234779447625885,3.308753295868189,2.02773525908777
11,135,0.0,0.0,0.0,0.5479639851569514,0.0,0.0,0.3343861345731699,0.5479796133961286,0.0,0.0,233.01,233.01,2.1838667921527124,0.1,100.48303343923756,100.48303343923756,0.9986665449654768,0.7706106405791038,2.483347596136854,1.884385988168571
11,136,0.0,0.0,0.0,0.5712995855940268,48.855503202431606,0.0,0.3170205747925849,0.5055305313797357,0.0,0.0,233.01,233.01,1.987047488004845,0.1,160.40535366174726,95.26468272517177,0.810591569743487,0.808020307890237,1.9884591881068407,1.9856357879028488
11,137,0.0,0.0,0.0,0.5979104001851585,0.0,0.0,0.3428205018815565,0.5670843938082812,0.0,0.0,233.01,233.01,2.498847668541354,0.1,103.01756081540776,103.01756081540776,1.2301331934065485,0.7715477339173603,3.109608175487727,1.8880871615949808
11,138,0.0,0.0,0.0,0.6216113642732978,0.0,49.81660269498461,0.3214008673849053,0.5207029489472088,0.0,0.0,233.01,233.01,2.036277359296058,0.1,96.58096064916404,163.00309757581022,0.8313128601178177,0.8261319753327472,2.039121820886102,2.033432897706014
11,139,0.0,0.0,0.0,0.6477106203035453,24.35709163585024,0.0,0.3247612218113366,0.5669363100522924,0.0,0.0,233.01,233.01,2.535824310029514,0.1,130.06686933544032,97.59074715430668,0.7811120045605676,1.2486382175314892,1.9130930379794489,3.158555582079579
11,140,0.0,0.0,0.0,0.6738710948098953,0.0,24.81328832193475,0.3308438442924629,0.5725891352523762,0.0,0.0,233.01,233.01,2.239209695419752,0.1,99.4185752098851,132.50295963913143,1.0166841589347613,0.7933499078073103,2.5407993655139016,1.9376200253256024
11,141,0.0,0.0,0.0,0.7007614503899813,24.38272564927246,0.0,0.3251030086569667,0.5899836233014916,0.0,0.0,233.01,233.01,2.277578656379849,0.1,130.20375496711512,97.6934541014185,0.8033530620899765,1.0337229537641497,1.9687741395660667,2.58638317319363
11,142,0.0,0.0,0.0,0.7181091270781109,23.69052160035608,0.0,0.3158736213380813,0.4272858103864823,0.0,0.0,233.01,233.01,2.240048153300424,0.1,126.50738534590155,94.92002321209344,1.0176849228426172,0.7914331479945853,2.5434279867655087,1.93666831983534
11,143,0.0,0.0,0.0,0.7294203135175988,0.0,0.0,0.3109439540628105,0.3244259247415633,0.0,0.0,233.01,233.01,2.1791842154245065,0.1,93.43865819587458,93.43865819587458,0.9940571793790562,0.7691388021461011,2.476745756499241,1.881622674349772
12,144,0.0,0.0533479036622166,0.0,0.7294203135175988,-0.0,-0.0,0.3399632772868405,0.1279684760557189,0.0,0.0,233.01,233.01,2.1791842154245065,0.1,93.43865819587458,93.43865819587458,0.9940571793790562,0.7691388021461011,2.476745756499241,1.881622674349772
12,145,0.0,0.0,0.0,0.7246924269334796,51.14488150230254,0.0,0.3419684760771933,0.0450230973869615,0.0,0.0,233.01,233.01,1.8549149177493536,0.1,170.9547023976,102.76152706119656,0.7609501271003991,0.7584115445802851,1.856308675914452,1.853521159584256
12,146,0.0,0.0,0.0,0.7192645302652877,23.717286696628065,0.0,0.316230489288374,0.0319127649323314,0.0,0.0,233.01,233.01,2.66732125935773,0.1,126.65031095999382,95.0272620311564,1.3037263009989717,0.8236530220545341,3.306701251978172,2.027941266737288
12,147,0.0,0.0,0.0,0.7118370985223768,0.0,0.0,0.3343861345731699,0.0,0.0035217966038716,0.0,233.01,233.01,2.1838563594388467,0.1,100.48303343923756,100.48303343923756,0.9986463451473848,0.7706117016194228,2.4833254905721858,1.884387228305508
12,148,0.0,0.0,0.0,0.704718727537153,0.0,32.88027454973346,0.3170205747925849,0.0,0.0,0.0,233.01,233.01,1.987047370863856,0.1,95.26468272517177,139.10504879148306,0.8105913523843906,0.8080203103443947,1.988458950281764,1.985635791445948
12,149,0.0,0.0,0.0,0.6990139471192736,0.0,41.68676629381487,0.3428205018815565,0.0235509974998612,0.0,0.0,233.01,233.01,2.29914026588205,0.1,103.01756081540776,158.59991587382757,0.7715743155168596,1.080162746217851,1.8881163497999247,2.710164181964175
12,150,0.0,0.0,0.0,0.6980528340425466,24.10506505386789,0.0,0.3214008673849053,0.1057723928853643,0.0,0.0,233.01,233.01,2.5563126264142206,0.1,128.72104738765455,96.58096064916404,0.8259683574158783,1.2207276345303897,2.033269473648628,3.079355779179813
12,151,0.0,0.0,0.0,0.6978064775813517,0.0,24.35709163585024,0.3247612218113366,0.1181433663022923,0.0,0.0,233.01,233.01,2.217244488579211,0.1,97.59074715430668,130.06686933544032,1.007734227201295,0.7859400186261015,2.516136773475183,1.9183522036832388
12,152,0.0,0.0,0.0,0.6976276062349236,0.0,24.81328832193475,0.3308438442924629,0.119284095252376,0.0,0.0,233.01,233.01,2.2374814087540305,0.1,99.4185752098851,132.50295963913143,0.7903663928857542,1.0164726021596813,1.93436985025588,2.5405929672521808
12,153,0.0,0.0,0.0,0.699500110943854,0.0,0.0,0.3251030086569667,0.1552417679171882,0.0,0.0,233.01,233.01,2.2775591205505954,0.1,97.6934541014185,97.6934541014185,0.8007926108171564,1.036247566642361,1.965962750557179,2.5891554905440115
12,154,0.0,0.0,0.0,0.6979636243908502,48.07324724962854,0.0,0.3158736213380813,0.0957634132707855,0.0,0.0,233.01,233.01,1.9352378506016663,0.1,159.01768621159815,94.92002321209344,0.7888016115691628,0.791459233692942,1.933778736113399,1.9366969650899344
12,155,0.0,0.0,0.0,0.6979177998490528,23.32079655471081,0.0,0.3109439540628105,0.1216458193352821,0.0,0.0,233.01,233.01,2.48232487031224,0.1,124.53305360215566,93.43865819587458,1.2200780512937084,0.7688889249027413,3.083276662318992,1.8813730783054865
13,156,0.0,0.018067686291258,0.0,0.6979177998490528,-0.0,-0.0,0.3257981407332221,0.1224417192717634,0.0,0.0,233.01,233.01,2.48232487031224,0.1,124.53305360215566,93.43865819587458,1.2200780512937084,0.7688889249027413,3.083276662318992,1.8813730783054865
13,157,0.0,0.0,0.0,0.697463299773276,0.0,51.14488150230254,0.3277197895739769,0.1144680337318211,0.0,0.0,233.01,233.01,2.1481003122628906,0.1,98.47979676698006,166.67297210338347,0.982644661181388,0.758657753028506,2.442433761695539,1.853766862830242
13,158,0.0,0.0,0.0,0.702524067336422,23.71728669662805,0.0,0.3030542189013584,0.2111473782610327,0.0,0.0,233.01,233.01,2.588647339020792,0.1,122.6908417086956,91.0677927798582,0.796280470272984,1.2738018779539428,1.9506684004852843,3.2266262775562984
13,159,0.0,0.0,0.0,0.7099194829741605,25.078960092987742,0.0,0.3204533789659545,0.2529939703702228,0.0,0.0,233.01,233.01,2.109188491142693,0.1,129.73485383658632,96.29624037926934,0.964973469655206,0.7477597340065304,2.4027166183531627,1.8156603639322229
13,160,0.0,0.0,0.0,0.7153730879783796,0.0,23.776543109443864,0.3038113841762272,0.2202245584905397,0.0,0.0,233.01,233.01,2.2216406497278864,0.1,91.29532094495627,122.99737842421476,1.0160739111596144,0.7782230494416797,2.536504562548439,1.906776736907334
13,161,0.0,0.0,0.0,0.7169263079952733,0.0,25.71153764111673,0.3285363143031583,0.1527535245031137,0.0,0.0,233.01,233.01,2.1121844817872377,0.1,98.72516244809908,133.00721263625474,0.7461463266474323,0.9666287228075526,1.816426353932252,2.407942609642224
13,162,0.0,0.0,0.0,0.716168116503336,0.0,24.10506505386789,0.3080091645772009,0.1124749401406203,0.0,0.0,233.01,233.01,2.275099412379722,0.1,92.55675395544888,124.6968406939394,0.7953088199357051,1.039131396533305,1.952308758523136,2.597890066236308
13,163,0.0,0.0,0.0,0.7111943236773852,0.0,24.35709163585024,0.3112295042358643,0.0383840059488162,0.0,0.0,233.01,233.01,2.140238063522285,0.1,93.52446602287723,126.00058820401092,0.7525783340307264,0.9815812452772434,1.8373879840191605,2.443088143025409
13,164,0.0,0.0,0.0,0.7037802599306872,0.0,0.0,0.3170586841136102,0.0,0.0045318076488618,0.0,233.01,233.01,2.160801365279855,0.1,95.2761345761399,95.2761345761399,0.7587964607466469,0.9899972247434782,1.8548927429926323,2.4667099875670777
13,165,0.0,0.0,0.0,0.692094460014284,0.0,0.0,0.3115570499629264,0.0,0.0697199597564446,0.0,233.01,233.01,1.889266673627744,0.1,93.6228935138594,93.6228935138594,0.7712150634117061,0.7738245968844875,1.887833961255399,1.890699386000088
13,166,0.0,0.0,0.0,0.6837346373251597,0.0,0.0,0.3027122204489946,0.0,0.0215831713347217,0.0,233.01,233.01,1.8567792111219945,0.1,90.96502224492288,90.96502224492288,0.7594944208013131,0.7595214004289778,1.8567643984948488,1.85679402374914
13,167,0.0,0.0,0.0,0.6768972909519081,29.15679227518606,0.0,0.2979879559768601,0.0,0.0,0.0,233.01,233.01,1.806753280050322,0.1,128.42110380462788,89.54538077104647,0.740625306625657,0.7406255855645234,1.8067531269044936,1.8067534331961503
14,168,0.0240112155352082,0.0,0.0,0.6768972909519081,-0.0,-0.0,0.3116330041796039,0.1187539106933158,0.0,0.0,233.01,233.01,1.806753280050322,0.1,128.42110380462788,89.54538077104647,0.740625306625657,0.7406255855645234,1.8067531269044936,1.8067534331961503
14,169,0.0,0.0,0.0,0.6713148068192598,0.0,51.144881502302525,0.3134711030707605,0.0208155925766809,0.0,0.0,233.01,233.01,2.144348665346823,0.1,94.19806647276351,162.3912418091669,1.0040439622346993,0.7303776429263499,2.508839673150036,1.7798576575436111
14,170,0.0,0.0,0.0,0.6677220315016821,23.71728669662805,0.0,0.2898779485143429,0.0547433815897339,0.0,0.0,233.01,233.01,2.508315928025907,0.1,118.73137245739746,87.10832352856005,0.76638359561805,1.24333885874944,1.8706478198779628,3.145984036173851
14,171,0.0,0.0,0.0,0.6624874770998583,0.0,25.078960092987742,0.3065206233587391,0.025309928301634,0.0,0.0,233.01,233.01,2.0345018940195154,0.1,92.10944731930113,125.54806077661812,0.936696795729665,0.719477206786019,2.3280332348649937,1.7409705531740371
14,172,0.0,0.0,0.0,0.6558626023288597,6.532249404963982,0.0,0.2906021935598695,0.0,0.0,0.0,233.01,233.01,2.1427199616291954,0.1,96.03562503802613,87.32595916474081,0.7508288539961564,0.9837613230400618,1.83055639433386,2.454883528924531
14,173,0.0,0.0,0.0,0.6452142952605217,0.0,0.0,0.3142521267247601,0.0,0.0613452156757425,0.0,233.01,233.01,1.821745886787276,0.1,94.43276408079043,94.43276408079043,0.776454750205415,0.7177768403319712,1.90195986476966,1.7415319088048915
14,174,0.0,0.0,0.0,0.631432272583541,0.0,0.0,0.2946174617694965,0.0,0.109948195865633,0.0,233.01,233.01,1.8715951772829715,0.1,88.5325472617337,88.5325472617337,0.7651994057948913,0.7645339616537561,1.8719605261332748,1.8712298284326685
14,175,0.0,0.0,0.0,0.6167092457094705,0.0,0.0,0.297697786660392,0.0,0.1261305622235261,0.0,233.01,233.01,1.7612194700036827,0.1,89.4581848914478,89.4581848914478,0.7235784682140968,0.7235715882735454,1.7612232472979967,1.7612156927093687
14,176,0.0,0.0,0.0,0.601296218337086,0.0,0.0,0.3032735239347577,0.0,0.1386890237293462,0.0,233.01,233.01,1.777973668254757,0.1,91.13369394239469,91.13369394239469,0.7295337928031396,0.7295337216723278,1.7779737073077122,1.7779736292018011
14,177,0.0,0.0,0.0,0.5855613314083766,0.0,0.0,0.2980110912688861,0.0,0.1458288711800775,0.0,233.01,233.01,1.8094803931555807,0.1,89.5523329263003,89.5523329263003,0.7414101410906929,0.7414101403552807,1.809480393559344,1.8094803927518173
14,178,0.0,0.0,0.0,0.5696141120816439,0.0,0.0,0.2895508195599079,0.0,0.1513740901897338,0.0,233.01,233.01,1.7800004184529965,0.1,87.01002127775234,87.01002127775234,0.7304380744808325,0.7304380744732292,1.7800004184571712,1.7800004184488225
14,179,0.0,0.0,0.0,0.5533247792992009,0.0,0.0,0.2850319578909097,0.0,0.1588978749244002,0.0,233.01,233.01,1.7321675547761113,0.1,85.65210334621837,85.65210334621837,0.7123931218370542,0.7123931218369757,1.7321675547761546,1.732167554776068
15,180,0.26489828458579,0.0,0.0,0.5533247792992009,-0.0,-0.0,0.2833027310723671,0.0970745226840685,0.0,0.0,233.01,233.01,1.7321675547761113,0.1,85.65210334621837,85.65210334621837,0.7123931218370542,0.7123931218369757,1.7321675547761546,1.732167554776068
15,181,0.2421572869676749,0.0,205.79684587167617,0.5477915315062089,0.0,0.0,0.2849737300643277,0.0,0.0,58.7990988204789,233.01,291.8090988204789,0.0,0.1,85.63460588433048,85.63460588433048,0.7025910596180459,0.702591059618045,1.7064415080570168,1.706441508057016
15,182,0.250976053111485,0.0,205.5713810061065,0.5423136161911467,0.0,0.0,0.2635254077403117,0.0,0.0,58.73468028745902,233.01,291.744680287459,0.0,0.1,79.18938502596367,79.18938502596367,0.7009358534700459,0.7009358534700459,1.704571981808512,1.704571981808512
15,183,0.2691124067814426,0.0,190.9936110362572,0.5368904800292352,0.0,0.0,0.2786551121443082,0.0,0.0,54.56960315321635,233.01,287.57960315321634,0.0,0.1,83.73586119936463,83.73586119936463,0.6555474653663917,0.6555474653663916,1.5836949505493965,1.5836949505493965
15,184,0.3135736393695603,0.0,201.20730454936904,0.5315215752289428,0.0,0.0,0.2641838123271541,0.0,0.0,57.48780129981973,233.01,290.4978012998197,0.0,0.1,79.38723560430981,79.38723560430981,0.6870396997930965,0.6870396997930966,1.6683856098620982,1.6683856098620982
15,185,0.3611431965592431,0.0,191.4203161481704,0.5262063594766534,0.0,0.0,0.2856837515679638,0.0,0.0,54.69151889947726,233.01,287.7015188994772,0.0,0.1,85.84796734617312,85.84796734617312,0.6567837529149387,0.6567837529149386,1.5872331355569684,1.5872331355569684
15,186,0.3861386084386407,0.0,205.98558166731945,0.5209442958818868,0.0,0.0,0.2678340561540877,0.0,0.0,58.85302333351984,233.01,291.8630233335198,0.0,0.1,80.48413387430337,80.48413387430337,0.7019220245033082,0.7019220245033082,1.7080064814868938,1.7080064814868945
15,187,0.3940284679698138,0.0,193.9231526376741,0.515734852923068,0.0,0.0,0.2706343515094472,0.0,0.0,55.406615039335456,233.01,288.4166150393354,0.0,0.1,81.3256226285889,81.3256226285889,0.6646735080490905,0.6646735080490905,1.6079863402792214,1.607986340279221
15,188,0.4070339960682512,0.0,195.77033937277776,0.5105775043938373,0.0,0.0,0.2757032035770524,0.0,0.0,55.93438267793651,233.01,288.94438267793646,0.0,0.1,82.84881267490425,82.84881267490425,0.670175874969916,0.6701758749699162,1.6233029798737797,1.623302979873779
15,189,0.4155730100657091,0.0,199.2232323842809,0.5054717293498989,0.0,0.0,0.2709191738808055,0.0,0.0,56.920923538365976,233.01,289.930923538366,0.0,0.1,81.41121175118207,81.41121175118207,0.6809609649467738,0.6809609649467738,1.6519339335346674,1.6519339335346674
15,190,0.4207522821643639,0.0,195.9883074261206,0.5004170120563999,0.0,0.0,0.2632280177817344,0.0,0.0,55.99665926460589,233.01,289.00665926460584,0.0,0.1,79.1000193434112,79.1000193434112,0.6709627340065222,0.6709627340065222,1.6251103435001706,1.625110343500171
15,191,0.4976750563298622,0.0,190.74670378211505,0.5,0.0,0.0,0.2591199617190088,0.0804764572660368,0.0,54.49905822346144,233.01,287.5090582234614,0.0,0.1,77.86554849656216,77.86554849656216,0.6545799825590594,0.6545799825590594,1.5816476267173718,1.5816476267173718
16,192,0.5028420716806232,0.0,190.74670378211505,0.5,-0.0,-0.0,0.2549724579651304,0.087719298245614,0.0,54.49905822346144,233.01,287.5090582234613,0.0,0.1,77.86554849656216,77.86554849656216,0.6545799825590594,0.6545799825590594,1.5816476267173718,1.5816476267173718
16,193,0.4490957149530913,0.0,0.0,0.5,0.0,0.0,0.2564763570578949,0.0877192982456147,0.0,0.0,233.01,233.01,1.5582962067553408,0.1,77.07114529589745,77.07114529589745,0.6457049265647883,0.6457049265647883,1.558296206755341,1.558296206755341
16,194,0.4394343181622374,0.0,0.0,0.5,0.0,0.0,0.2371728669662805,0.0877192982456141,0.0,0.0,233.01,233.01,1.5445675070174092,0.1,71.2704465233673,71.2704465233673,0.6412914602494958,0.6412914602494958,1.5445675070174092,1.5445675070174092
16,195,0.4462494935110177,0.0,0.0,0.5,0.0,0.0,0.2507896009298774,0.0877192982456141,0.0,0.0,233.01,233.01,1.4357277900730594,0.1,75.36227507942819,75.36227507942819,0.6003950054249945,0.6003950054249944,1.4357277900730594,1.4357277900730594
16,196,0.4397308965083806,0.0,0.0,0.5,0.0,0.0,0.2377654310944386,0.0877192982456141,0.0,0.0,233.01,233.01,1.5118596217932292,0.1,71.44851204387882,71.44851204387882,0.6286482112696438,0.6286482112696437,1.5118596217932294,1.511859621793229
16,197,0.4494155441394033,0.0,0.0,0.5,0.0,0.0,0.2571153764111674,0.0877192982456141,0.0,0.0,233.01,233.01,1.438883796387224,0.1,77.26317061155581,77.26317061155581,0.6014794146927833,0.6014794146927832,1.438883796387224,1.438883796387224
16,198,0.4413751488402229,0.0,0.0,0.5,0.0,0.0,0.2410506505386789,0.0877192982456141,0.0,0.0,233.01,233.01,1.5475206747193528,0.1,72.43572048687302,72.43572048687302,0.6420446030909142,0.6420446030909143,1.5475206747193528,1.5475206747193528
16,199,0.4426365418830446,0.0,0.0,0.5,0.0,0.0,0.2435709163585024,0.0877192982456141,0.0,0.0,233.01,233.01,1.4575909425204925,0.1,73.19306036572999,73.19306036572999,0.6086094836853571,0.6086094836853571,1.4575909425204925,1.4575909425204925
16,200,0.4449198062968973,0.0,0.0,0.5,0.0,0.0,0.2481328832193471,0.0877192982456141,0.0,0.0,233.01,233.01,1.4713031904839209,0.1,74.56393140741382,74.56393140741382,0.6134887218418014,0.6134887218418015,1.4713031904839209,1.471303190483921
16,201,0.442764840120223,0.0,0.0,0.5,0.0,0.0,0.243827256492725,0.0877192982456141,0.0,0.0,233.01,233.01,1.4970814678656672,0.1,73.27009057606386,73.27009057606386,0.623205806829461,0.623205806829461,1.497081467865667,1.4970814678656674
16,202,0.4393003588553964,0.0,0.0,0.5,0.0,0.0,0.236905216003561,0.0877192982456141,0.0,0.0,233.01,233.01,1.4729614891016038,0.1,71.1900174090701,71.1900174090701,0.6142286622126825,0.6142286622126825,1.4729614891016036,1.472961489101604
16,203,0.4374498850019416,0.0,0.0,0.5,0.0,0.0,0.2332079655471079,0.0877192982456141,0.0,0.0,233.01,233.01,1.433825509735648,0.1,70.07899364690593,70.07899364690593,0.5994646100582114,0.5994646100582115,1.433825509735648,1.433825509735648
17,204,0.4341637117669898,0.0,0.0,0.5,-0.0,-0.0,0.2266421848578937,0.087719298245614,0.0,0.0,233.01,233.01,1.433825509735648,0.1,70.07899364690593,70.07899364690593,0.5994646100582114,0.5994646100582115,1.433825509735648,1.433825509735648
17,205,0.4348327797633717,0.0,0.0,0.5,0.0,0.0,0.2279789840514622,0.0877192982456147,0.0,0.0,233.01,233.01,1.4127769260564569,0.1,68.50768470746439,68.50768470746439,0.5914447409700259,0.5914447409700259,1.4127769260564569,1.4127769260564569
17,206,0.4262448715048349,0.0,0.0,0.5,0.0,0.0,0.2108203261922493,0.0877192982456141,0.0,0.0,233.01,233.01,1.383195834156341,0.1,63.35150802077094,63.35150802077094,0.5802757981440815,0.5802757981440815,1.383195834156341,1.383195834156341
17,207,0.4323028051481951,0.0,0.0,0.5,0.0,0.0,0.2229240897154466,0.0877192982456141,0.0,0.0,233.01,233.01,1.2863465774948586,0.1,66.98868895949172,66.98868895949172,0.54382844951918,0.54382844951918,1.2863465774948586,1.2863465774948586
17,208,0.4265084967014065,0.0,0.0,0.5,0.0,0.0,0.2113470498617233,0.0877192982456141,0.0,0.0,233.01,233.01,1.3540181555645503,0.1,63.50978848344786,63.50978848344786,0.5689413451195956,0.5689413451195957,1.3540181555645507,1.3540181555645503
17,209,0.4351170723734268,0.0,0.0,0.5,0.0,0.0,0.228547001254371,0.0877192982456141,0.0,0.0,233.01,233.01,1.2891507421649302,0.1,68.67837387693851,68.67837387693851,0.544791291757625,0.544791291757625,1.2891507421649302,1.2891507421649302
17,210,0.4279700543297108,0.0,0.0,0.5,0.0,0.0,0.2142672449232702,0.0877192982456141,0.0,0.0,233.01,233.01,1.3857168560915256,0.1,64.38730709944271,64.38730709944271,0.5808492368661091,0.580849236866109,1.3857168560915256,1.3857168560915256
17,211,0.4290912925899968,0.0,0.0,0.5,0.0,0.0,0.2165074812075577,0.0877192982456141,0.0,0.0,233.01,233.01,1.3057793163575613,0.1,65.06049810287112,65.06049810287112,0.5511291307263282,0.5511291307263281,1.3057793163575615,1.305779316357561
17,212,0.4311208609578658,0.0,0.0,0.5,0.0,0.0,0.2205625628616419,0.0877192982456141,0.0,0.0,233.01,233.01,1.3179679812139231,0.1,66.27905013992341,66.27905013992341,0.5554662313098173,0.5554662313098173,1.3179679812139231,1.3179679812139236
17,213,0.4292053354674886,0.0,0.0,0.5,0.0,0.0,0.2167353391046444,0.0877192982456141,0.0,0.0,233.01,233.01,1.340882005553253,0.1,65.12896940094566,65.12896940094566,0.5641036401877366,0.5641036401877366,1.340882005553253,1.340882005553253
17,214,0.4261257965654206,0.0,0.0,0.5,0.0,0.0,0.2105824142253875,0.0877192982456141,0.0,0.0,233.01,233.01,1.3194420244296414,0.1,63.28001547472896,63.28001547472896,0.5561239560839335,0.5561239560839336,1.3194420244296416,1.3194420244296412
17,215,0.4244809309179052,0.0,0.0,0.5,0.0,0.0,0.207295969375207,0.0877192982456141,0.0,0.0,233.01,233.01,1.2846544872154586,0.1,62.29243879724972,62.29243879724972,0.5430003541688482,0.5430003541688481,1.2846544872154586,1.2846544872154586
18,216,0.4199844100768178,0.0,0.0,0.5,-0.0,-0.0,0.198311911750657,0.087719298245614,0.0,0.0,233.01,233.01,1.2846544872154586,0.1,62.29243879724972,62.29243879724972,0.5430003541688482,0.5430003541688481,1.2846544872154586,1.2846544872154586
18,217,0.4641974841648233,0.0,152.6686476387119,0.5000003890485131,0.0003973603582374,0.0003974021893129,0.1994823438137857,0.0877261236581254,0.0,43.61961361106054,233.01006724094336,276.6296808520039,3.49946830693079e-05,0.099999963980643,59.94482757610234,59.944827631877104,0.5358715816460167,0.5358715816460167,1.2659446350561772,1.2659446350561772
18,218,0.4551207217581616,0.0,147.22409924193568,0.5000003890780893,0.0003974054311857,0.0003973635490215,0.1844685181864963,0.08771936701862,0.0,42.06402835483877,233.010066447699,275.07409480253773,1.7610727364929076e-05,0.0999999644055649,55.43317303529478,55.43317297945189,0.5182108912994059,0.5182108916920334,1.220781720034786,1.220781721080652
18,219,0.4574988083526289,0.0,136.99498190754412,0.5000003890782427,0.0003973656221624,0.0003974077941598,0.1950593112702515,0.0877193665076216,0.0,39.14142340215546,233.0100665618967,272.1514899640522,1.7610667134100034e-05,0.0999999643443919,58.615706303693,58.61570635992233,0.4862526360660745,0.4862526356774033,1.1359631398280323,1.1359631387857596
18,220,0.4544714534655734,0.0,144.14430969582514,0.5000003890782271,0.0003974095133723,0.0003973671712204,0.1849294013978987,0.0877193665046798,0.0,41.18408848452147,233.01006648203395,274.1941549665554,1.761065759506826e-05,0.0999999643871725,55.57166844564156,55.57166838918536,0.5082952727423439,0.5082952731337759,1.1952444843426615,1.1952444853922255
18,221,0.4600465595086685,0.0,137.29341757281017,0.5000003890782106,0.0003973681988077,0.0003974106666849,0.1999793588674384,0.0877193665046636,0.0,39.22669073508862,233.01006655855485,272.23675729364345,1.761063131790156e-05,0.0999999643461821,60.09418060995757,60.0941806665814,0.4871160904502404,0.4871160900572424,1.1384377315825267,1.1384377305287434
18,222,0.4567059706918198,0.0,147.4890998617501,0.5000003890781934,0.0003974117368338,0.0003973691852906,0.1874845720771663,0.0877193665046464,0.0,42.13974281764288,233.0100664447345,275.14980926237735,1.761064030888715e-05,0.0999999644071529,56.33949723764328,56.33949718090789,0.5187128799370011,0.5187128803311615,1.222979072444678,1.222979073501586
18,223,0.4552745693019265,0.0,139.04540248810028,0.5000003890781753,0.000397369911696,0.0003974125278485,0.189444778826111,0.0877193665046281,0.0,39.72725785374293,233.01006653896667,272.7373243927096,1.7610618372535627e-05,0.099999964356675,56.92853930989571,56.928539366717246,0.4926389188755183,0.4926389184805858,1.1529649747342878,1.152964973675303
18,224,0.4574198788288089,0.0,140.3384327498904,0.5000003890781562,0.000397413222081,0.0003973705543968,0.192992975273713,0.0877193665046087,0.0,40.09669507139725,233.01006652451807,273.1067615959154,1.7610615803915377e-05,0.0999999643644147,57.99477240009161,57.99477234320137,0.4964905752871825,0.4964905756827127,1.1636866213651935,1.1636866224257842
18,225,0.4564343723717281,0.0,142.7554570199475,0.5000003890781362,0.0003973746504985,0.0003974173595154,0.1896441544880142,0.0877193665045879,0.0,40.78727343427072,233.0100664975184,273.7973399317891,1.7610617387886118e-05,0.0999999643788779,56.98845170222555,56.98845175917091,0.5040401386798276,0.5040401382838207,1.1837282900128447,1.1837282889509728
18,226,0.4530927920189563,0.0,140.49101033994535,0.500000389078113,0.0003977588127044,0.0003977159978367,0.1842603453930001,0.0877193665045287,0.0,40.14028866855581,233.01006652190884,273.15035519046467,1.7610716403130912e-05,0.0999999643658125,55.37061754652295,55.37061748943646,0.4970413766784761,0.4970413770748657,1.1649517760455936,1.1649517771084927
18,227,0.450599457590803,0.0,136.82188905701662,0.5000000470782514,0.0004874964673043,0.0004875608344584,0.1813847456714439,0.0877133665073613,0.0,39.09196830200475,233.010066483732,272.10203478573675,1.7620129882666258e-05,0.0999999643862629,54.5066115759311,54.50661166175397,0.485573454378737,0.4855734539813582,1.1345278842150728,1.1345278831495318
19,228,0.444897151431725,0.0,136.8218890570166,0.5000000470782514,-0.0,-0.0,0.1699816386434202,0.0877193065049546,0.0,39.09196830200474,233.01006648373212,272.10203478573686,1.7620129882666258e-05,0.0999999643862629,54.5066115759311,54.50661166175397,0.485573454378737,0.4855734539813582,1.1345278842150728,1.1345278831495318
19,229,0.4448423302218939,0.0,134.8487435026441,0.5000003890485131,0.000397360525643,0.0003974023386618,0.1709849708056679,0.0877253059832323,0.0,38.52821242932689,233.0100673441073,271.5382797734342,3.502059975939308e-05,0.0999999639253806,51.38136698772314,51.38136704347384,0.4793617854915274,0.4793617860911853,1.118184208428022,1.1181842100324035
19,230,0.4363741065370269,0.0,127.77400850646733,0.5000003890780893,0.0003974056260795,0.0003973637485745,0.1581159774106539,0.08771936701862,0.0,36.50685957327637,233.01006666518543,269.51692623846185,1.761068955503923e-05,0.0999999642890627,47.51423453277624,47.51423447693956,0.4572915334768412,0.4572915338760782,1.0595039628644498,1.059503963917308
19,231,0.4384094681833554,0.0,118.99569987711382,0.5000003890782427,0.0003973658136161,0.0003974079828644,0.1671938000541112,0.0877193665076216,0.0,33.99877139346109,233.01006676380516,267.0088381572662,1.7610626251614174e-05,0.0999999642362345,50.24212018384,50.24212024006566,0.429819500462722,0.4298195000741627,0.9867153096089184,0.986715308566837
19,232,0.4358145615637883,0.0,125.12358661759949,0.5000003890782271,0.0003974097163704,0.0003973673759232,0.1585110201633803,0.0877193665046798,0.0,35.749596176457,233.0100666949249,268.75966287138186,1.761061842345003e-05,0.099999964273132,47.63294488530005,47.632944828846114,0.4487123697077935,0.448712370099201,1.0375269908594638,1.0375269919089598
19,233,0.4405932235708183,0.0,119.25139226178582,0.5000003890782106,0.0003973683880048,0.0003974108546188,0.1714109837089769,0.0877193665046636,0.0,34.07182636051024,233.01006676092425,267.08189312143446,1.761059028992875e-05,0.0999999642377777,51.50938387542517,51.50938393204733,0.4305587764740115,0.4305587760810293,0.9888354793489104,0.988835478295169
19,234,0.4377298617187861,0.0,127.9905484786145,0.5000003890781934,0.0003974119393942,0.0003973693887205,0.1607011664599805,0.0877193665046464,0.0,36.568728136747,233.0100666627461,269.5787947994931,1.76106018322427e-05,0.0999999642903693,48.29108385030443,48.2910837935702,0.4576417387487874,0.4576417391429361,1.061299485559156,1.0612994866160324
19,235,0.4365029462474025,0.0,120.7530936039466,0.5000003890781753,0.0003973701133512,0.0003974127288351,0.1623813436734081,0.0877193665046281,0.0,34.50088388684188,233.0100667440313,267.5109506308732,1.7610577748715354e-05,0.0999999642468268,48.79597704712899,48.79597710394964,0.4352926293246608,0.4352926289297363,1.0012874019614977,1.0012874009025343
19,236,0.4383417829843073,0.0,121.86140525482487,0.5000003890781562,0.0003974134195588,0.0003973707524066,0.1654226549142825,0.0877193665046087,0.0,34.8175443585214,233.01006673157,267.8276110900913,1.761057550266807e-05,0.0999999642535021,49.7098911326911,49.70989107580156,0.4385940490504235,0.4385940494459474,1.010477384639122,1.0104773856996965
19,237,0.4374970631641637,0.0,123.93314033911034,0.5000003890781362,0.0003973748524551,0.0003974175610555,0.1625522370981776,0.0877193665045879,0.0,35.40946866831724,233.01006670828028,268.41953537659754,1.7610577694980332e-05,0.0999999642659778,48.847330527200135,48.84733058414494,0.4450651034444697,0.4450651030484676,1.027655957919752,1.0276559568578938
19,238,0.4346328515670609,0.0,121.99218604643444,0.500000389078113,0.0003977590210842,0.0003977162065453,0.157937543613018,0.0877193665045287,0.0,34.854910298981274,233.01006672918948,267.8649770281708,1.7610676122569413e-05,0.0999999642547773,47.4606156122779,47.46061555519184,0.4390661645353605,0.4390661649317463,1.0115618029542026,1.0115618040170915
19,239,0.4324948853909001,0.0,118.84722494517244,0.5000000470782514,0.0004874967863317,0.0004875611531009,0.1554727494975019,0.0877133665073613,0.0,33.95634998433498,233.0100666848901,266.9664166692251,1.762008857719538e-05,0.0999999642785073,46.72005672649512,46.72005681231747,0.4292365173820555,0.4292365169846798,0.9854841828036842,0.9854841817381514
20,240,0.4255822316250415,0.0,118.84722494517231,0.5000000470782514,-0.0,-0.0,0.14165136553618354,0.08771930650495463,0.0,33.95634998433495,233.01006668489032,266.9664166692253,1.762008857719538e-05,0.0999999642785073,46.72005672649512,46.72005681231747,0.4292365173820555,0.4292365169846798,0.9854841828036842,0.9854841817381514
20,241,0.4255174317674143,0.0,117.15996336833142,0.5,0.0,0.0,0.14248686503216385,0.08771848057072162,0.0,33.47427524809469,233.01,266.48427524809466,0.0,0.1,42.81730294216524,42.81730294216524,0.4239123540981243,0.4239123546977785,0.9714756490181407,0.9714756506225127
20,242,0.41762686263271354,0.0,108.32615885030248,0.5,0.0,0.0,0.13176270387015585,0.08771929824561413,0.0,30.950331100086423,233.00999999999996,263.96033110008636,0.0,0.1,39.59469251298184,39.59469251298184,0.39637882556216003,0.39637882556893894,0.8982268561347728,0.8982268561422166
20,243,0.41931908974976007,0.0,100.99722391511504,0.5,0.0,0.0,0.13932755607215414,0.08771929824561413,0.0,28.856349690032868,233.00999999999996,261.86634969003285,0.0,0.1,41.86793059968232,41.86793059968232,0.37338219895881947,0.3733821989588896,0.8374562513690745,0.8374562513691516
20,244,0.417156627737752,0.0,106.10365660043662,0.5,0.0,0.0,0.13209190616357705,0.08771929824561413,0.0,30.315330457267606,233.00999999999996,263.32533045726757,0.0,0.1,39.693617802154904,39.693617802154904,0.38912518936129986,0.3891251893613006,0.8797981475989766,0.8797981475989772
20,245,0.42113884510944233,0.0,101.2101581188086,0.5,0.0,0.0,0.1428418757839819,0.08771929824561413,0.0,28.917188033945312,233.00999999999996,261.9271880339453,0.0,0.1,42.92398367308656,42.92398367308656,0.3739971835945295,0.3739971835945295,0.8392218749486615,0.8392218749486615
20,246,0.41875271103649514,0.0,108.49279083412212,0.5,0.0,0.0,0.13391702807704386,0.08771929824561413,0.0,30.997940238320606,233.00999999999996,264.00794023832054,0.0,0.1,40.242066937151684,40.242066937151684,0.3965663190544824,0.3965663190544825,0.8996085475466179,0.8996085475466177
20,247,0.41773028080195085,0.0,102.46157631884182,0.5,0.0,0.0,0.1353171757547236,0.08771929824561413,0.0,29.27473609109766,233.00999999999996,262.2847360910976,0.0,0.1,40.66281131429445,40.66281131429445,0.377942060823918,0.377942060823918,0.8495984769389868,0.8495984769389868
20,248,0.41926264485116826,0.0,103.38516968638892,0.5,0.0,0.0,0.1378516017885262,0.08771929824561413,0.0,29.538619910396836,233.00999999999996,262.5486199103968,0.0,0.1,41.424406337452126,41.424406337452126,0.3806932442842951,0.380693244284295,0.8572567967362265,0.8572567967362265
20,249,0.41855871184989724,0.0,105.11161619214046,0.5,0.0,0.0,0.13545958694040278,0.08771929824561413,0.0,30.03189034061156,233.00999999999996,263.04189034061153,0.0,0.1,40.70560587559103,40.70560587559103,0.3860857892727235,0.3860857892727235,0.8715722735666704,0.8715722735666704
20,250,0.41617186789922467,0.0,103.49415371306031,0.5,0.0,0.0,0.13161400889086722,0.08771929824561413,0.0,29.569758203731517,233.00999999999996,262.5797582037315,0.0,0.1,39.5500096717056,39.5500096717056,0.3810866738025977,0.38108667380259764,0.8581604785494222,0.858160478549422
20,251,0.4143950263489553,0.0,100.87335189105752,0.5,0.0,0.0,0.1295599808595044,0.08771929824561413,0.0,28.820957683159293,233.00999999999996,261.8309576831592,0.0,0.1,38.93277424828108,38.93277424828108,0.37289529807886634,0.37289529807886634,0.8364291201580225,0.8364291201580225
