hour,interval,Pimp,Pexp,H,SoC,L_BW1,L_BW2,A_DC,Pch,Pdis,P_source,P_fan,P_cooling,TRCU,QRCU,PS1,PS2,Ti1,Ti2,To1,To2,B
0,0,0.7482877108349267,0.0,783.9,0.8,-0.0,-0.0,0.0849908193217101,0.1403508771929806,0.0,223.97142857142856,341.42749999999995,565.3989285714285,25.0,0.05,500.0,500.0,20.0,20.0,38.0,38.0,25.49724579651304
0,1,0.0,0.0,1167.3144698986332,0.74683263994156,0.0,51.14488150230254,0.0854921190192983,0.0,0.6775104008766002,333.51841997103804,233.00999999999996,566.528419971038,0.0,0.1,25.690381765299144,93.88355710170254,3.802010129160945,3.802010129160945,9.679224460187672,9.679224460187672,0.0
0,2,0.0,0.0,151.73247586281605,0.7161940785513544,23.71728669662805,0.0,0.0790576223220935,0.0,0.3475535248618497,43.35213596080458,233.00999999999996,276.36213596080455,0.0,0.1,55.379864436626505,23.7568155077891,0.3137999274054741,0.793846960274932,0.6187809832908806,1.897512148762453,0.0
0,3,0.0,0.0,101.16835855986976,0.6865525428426005,0.0,25.078960092987742,0.0835965336432924,0.0,0.3371939238486048,28.90524530281993,233.00999999999996,261.91524530281987,0.0,0.1,25.120758359809393,58.55937181712639,0.483532827971135,0.2663452044332703,1.1323890691503826,0.5453614873980379,0.0
0,4,0.0,0.0,106.0427482774122,0.6573752050822117,23.776543109443864,0.0,0.0792551436981462,0.0,0.3346771849794412,30.29792807926063,233.00999999999996,263.3079280792606,0.0,0.1,55.51822816055143,23.81617068129294,0.2724785477299508,0.5054113472600354,0.5671293547189407,1.191456852203318,0.0
0,5,0.0,0.0,101.15014277575712,0.6281956192794457,0.0,25.711537641116735,0.0857051254703891,0.0,0.3390875062791588,28.90004079307346,233.00999999999996,261.91004079307345,0.0,0.1,25.754390203851937,60.036440392007584,0.4840757810683865,0.2635425377020342,1.1345102797889128,0.5429381907874904,0.0
0,6,0.0,0.0,108.42790404063896,0.5994906783250182,24.10506505386789,0.0,0.0803502168462263,0.0,0.336344771424495,30.97940115446827,233.00999999999996,263.9894011544682,0.0,0.1,56.285326900781534,24.14524016229101,0.2769455573421589,0.5157806211214803,0.5790181551401439,1.2191228737261737,0.0
0,7,0.0,0.0,102.40070339215126,0.5733022320947365,0.0,0.0,0.0811903054528341,0.0,0.3029030917054724,29.25734382632893,233.00999999999996,262.2673438263289,0.0,0.1,24.397686788576667,24.397686788576667,0.4895262460325404,0.2659762031796558,1.148950017033685,0.5492374355724718,24.35709163585025
0,8,0.0,0.0,66.60223257452658,0.5480068067521823,0.0,0.0,0.0827109610731157,0.0,0.2934360453241019,19.02920930700759,233.00999999999996,252.03920930700755,0.0,0.1,24.854643802471276,24.854643802471276,0.2674565490105409,0.2649283832268769,0.5536453572601847,0.550869279133291,49.17037995778497
0,9,0.2829895733960462,0.0,67.46873901401435,0.5418616904754878,0.0,0.0,0.0812757521642416,0.0,0.0099757231375893,19.27678257543267,233.00999999999996,252.28678257543265,0.0,0.1,24.423363525354624,24.423363525354624,0.2681621488461274,0.268136010468433,0.5594566311371519,0.5594279296259382,73.55310560705746
0,10,0.291532689875752,0.0,66.49651052038598,0.536443073570733,0.0,0.0,0.0789684053345203,0.0,0.0,18.99900300582457,233.00999999999996,252.00900300582452,0.0,0.1,23.730005803023364,23.730005803023364,0.2651365229757424,0.2651362527344502,0.5513808326192384,0.5513805358780415,97.24362720741355
0,11,0.4512191447893489,0.0,64.92401132375882,0.5310786428350256,0.0,120.56442376212436,0.0777359885157026,0.0,0.0,18.549717521073948,233.00999999999996,251.5597175210739,0.0,0.1,23.359664548968645,184.11222956513447,0.2602214271119342,0.2602214243179445,0.5383417206364621,0.5383417175684934,-0.0
1,12,0.3844334539789983,0.0,64.92401132375882,0.5310786428350256,-0.0,-0.0,0.0793247647002628,0.093171691725441,0.0,18.549717521073948,233.01000000000005,251.559717521074,0.0,0.1,23.359664548968645,184.11222956513447,0.2602214271119342,0.2602214243179445,0.5383417206364621,0.5383417175684934,22.94752121686174
1,13,0.3431878007221689,0.0,245.8455376683393,0.5257678564066753,0.0,0.0,0.0797926444180117,0.0,0.0,70.24158219095408,233.00999999999993,303.251582190954,0.0,0.1,23.977689647612532,23.977689647612532,0.2575589075177166,1.3891793589707275,0.5313362915777466,3.5457041340995223,46.03039335207229
1,14,0.2888888263339477,0.0,66.31931492627156,0.5205101778426086,0.0,0.0,0.0737871141672872,0.0,0.0,18.948375693220445,233.00999999999996,251.9583756932204,0.0,0.1,22.173027807269825,22.173027807269825,0.261879479000922,0.2746640623303656,0.5428922799022221,0.5569305215284838,67.37595137903767
1,15,0.2896055527861506,0.0,61.406888795865655,0.5153050760641825,0.0,0.0,0.0780234314004063,0.0,0.0,17.54482537024733,233.00999999999996,250.5548253702473,0.0,0.1,23.4460411358221,23.4460411358221,0.2492243717086593,0.2493565498553179,0.5091056126084599,0.5092507521654317,89.94701546272665
1,16,0.2883921865999547,0.0,64.25813499149571,0.5101520253035406,0.0,0.0,0.0739714674516031,0.0,0.0,18.359467140427345,233.00999999999996,251.3694671404273,0.0,0.1,22.228425969206747,22.228425969206747,0.2580427519393644,0.2580441185120561,0.532819606190549,0.5328211067695787,111.34590426122614
1,17,0.2906222036444678,0.0,61.5176894490671,0.5050505050505052,0.0,0.0,0.0799914504390298,0.0,0.0,17.576482699733457,233.00999999999996,250.5864826997334,0.0,0.1,24.037430856928474,24.037430856928474,0.2495710925473268,0.2495711066761444,0.5100969196812215,0.5100969351955131,134.4862881382312
1,18,0.2892859683084166,0.0,65.59596287643959,0.5,0.0,0.0,0.0749935357231445,0.0,0.0,18.741703678982734,233.00999999999996,251.7517036789827,0.0,0.1,22.53555748480494,22.53555748480494,0.2622098086513518,0.2622098087974278,0.5439134566066952,0.5439134567670953,156.1808466867123
1,19,0.3764327056200455,0.0,62.21848273864789,0.5,0.0,0.0,0.0757776184226452,0.0877192982456121,0.0,17.7767093538994,233.00999999999996,250.78670935389937,0.0,0.1,22.77117433600489,22.77117433600489,0.2517802240447837,0.2517802240462939,0.5159078170692196,0.5159078170708781,178.10222915897754
1,20,0.3772908294875819,0.0,62.7356950243788,0.5,0.0,0.0,0.0771968970015746,0.0877192982456141,0.0,17.924484292679658,233.00999999999996,250.93448429267963,0.0,0.1,23.19766754897319,23.19766754897319,0.2533208867826212,0.2533208867826368,0.5201964761557029,0.52019647615572,200.4341886487188
1,21,0.3768966270068698,0.0,63.70250506759865,0.5,0.0,0.0,0.0758573686866255,0.0877192982456141,0.0,18.200715733599615,233.00999999999996,251.2107157335996,0.0,0.1,22.795139290330987,22.795139290330987,0.2563407119761414,0.2563407119761416,0.5282131431807517,0.5282131431807517,222.37864173306403
1,22,0.3755599943944931,0.0,62.7967260793138,0.5,0.0,0.0,0.0737038449788856,0.0877192982456141,0.0,17.9419217369468,233.00999999999996,250.95192173694676,0.0,0.1,22.148005416155137,22.148005416155137,0.253541207312871,0.253541207312871,0.5207025379710929,0.5207025379710927,243.70011117338453
1,23,0.7274834005565082,0.0,61.32907705899222,0.5,0.0,264.68882807262423,0.0725535892813224,0.0877192982456141,0.0,17.52259344542635,233.00999999999996,250.5325934454263,0.0,0.1,21.8023535790374,374.7207910092031,0.2489540369075814,0.2489540369075814,0.5085329772719088,0.508532977271909,-0.0
2,24,0.3751180760854876,0.0,61.32907705899222,0.5,-0.0,-0.0,0.0736587100788154,0.087719298245614,0.0,17.52259344542635,233.01000000000005,250.5325934454264,0.0,0.1,21.8023535790374,374.7207910092031,0.2489540369075814,0.2489540369075814,0.5085329772719088,0.508532977271909,22.097613023644637
2,25,0.4891252183324237,0.0,459.5930100773827,0.5,0.0,0.0,0.0740931698167252,0.0877192982456147,0.0,131.31228859353791,233.01,364.3222885935379,0.0,0.1,22.264997529925928,22.264997529925928,0.2464690212291855,2.7308444429267986,0.5019945796825402,7.119780048466427,44.3255639686622
2,26,0.3731480050045958,0.0,63.44150907407227,0.5,0.0,0.0,0.068516606012481,0.0877192982456141,0.0,18.126145449734935,233.00999999999996,251.1361454497349,0.0,0.1,20.589240106750555,20.589240106750555,0.2496977862621459,0.2777652399383886,0.510639120949208,0.5414588736456885,64.88054577240652
2,27,0.3735099726400832,0.0,57.817496278956,0.5,0.0,0.0,0.0724503291575201,0.0877192982456141,0.0,16.519284651130285,233.00999999999996,249.52928465113024,0.0,0.1,21.77132391183481,21.77132391183481,0.2379377671355153,0.2382279528938426,0.4792560713209214,0.479574712741367,86.61564451966257
2,28,0.372380136957691,0.0,60.45409724880504,0.5,0.0,0.0,0.06868779120506,0.0877192982456141,0.0,17.272599213944297,233.00999999999996,250.28259921394425,0.0,0.1,20.640681257120555,20.640681257120555,0.2461261715849854,0.2461291717778532,0.5012761077690845,0.5012794021613473,107.2219818811806
2,29,0.3744508346218111,0.0,57.90928424630265,0.5,0.0,0.0,0.0742777754076706,0.0877192982456141,0.0,16.5455097846579,233.00999999999996,249.55550978465783,0.0,0.1,22.320471510005017,22.320471510005017,0.2382596297751607,0.2382596607937651,0.480176469257603,0.4801765033178968,129.50531450348177
2,30,0.373210044331424,0.0,61.696251254674785,0.5,0.0,0.0,0.0696368546000628,0.0877192982456141,0.0,17.62750035847851,233.00999999999996,250.6375003584785,0.0,0.1,20.925874807318873,20.925874807318873,0.2499955804334055,0.2499955807541028,0.5115775392490917,0.5115775396012364,150.39637088350062
2,31,0.3726783806035425,0.0,58.560019686014144,0.5,0.0,0.0,0.0703649313924562,0.0877192982456141,0.0,16.73143419600404,233.00999999999996,249.741434196004,0.0,0.1,21.144661883433113,21.144661883433113,0.2403109661557768,0.2403109661590925,0.4855723025356103,0.485572302539251,171.5058503012375
2,32,0.3734752099090744,0.0,59.040288236924496,0.5,0.0,0.0,0.0716828329300336,0.0877192982456141,0.0,16.868653781978427,233.00999999999996,249.8786537819784,0.0,0.1,21.540691295475103,21.540691295475103,0.2417415815551964,0.2417415815552306,0.4895546288302008,0.4895546288302384,193.0107001802476
2,33,0.3731091647484128,0.0,59.938040419913065,0.5,0.0,0.0,0.0704389852090094,0.0877192982456141,0.0,17.125154405689447,233.00999999999996,250.1351544056894,0.0,0.1,21.166915055307346,21.166915055307346,0.2445457049491795,0.2445457049491798,0.4969986767820318,0.4969986767820321,214.14239574295044
2,34,0.371868005894063,0.0,59.09695993079137,0.5,0.0,0.0,0.0684392846232509,0.0877192982456141,0.0,16.88484569451182,233.00999999999996,249.8948456945118,0.0,0.1,20.566005029286913,20.566005029286913,0.241946164904714,0.241946164904714,0.4900245433730628,0.4900245433730627,234.67418112992573
2,35,0.7107914324799343,0.0,57.73414298334991,0.5,254.8855381440084,0.0,0.0673711900469423,0.0877192982456141,0.0,16.49546942381426,233.00999999999996,249.50546942381425,0.0,0.1,360.0924268011174,20.24504260910616,0.2376866495283737,0.2376866495283737,0.478724237009535,0.4787242370095348,-0.0
3,36,0.3726730218948583,0.0,57.73414298334991,0.5,-0.0,-0.0,0.0708256827680917,0.087719298245614,0.0,16.49546942381426,233.01000000000005,249.5054694238143,0.0,0.1,360.0924268011174,20.24504260910616,0.2376866495283737,0.2376866495283737,0.478724237009535,0.4787242370095348,21.247704830427537
3,37,0.4824651158617444,0.0,441.27467874640473,0.5,0.0,0.0,0.0712434325160819,0.0877192982456147,0.0,126.07847964182992,233.01,359.0884796418299,0.0,0.1,21.40865147108262,21.40865147108262,2.6277406521601563,0.2353791349698632,6.845335171092777,0.4726528678194069,42.62073458525211
3,38,0.3712513506371131,0.0,61.41952511797393,0.5,0.0,0.0,0.0658813519350779,0.0877192982456141,0.0,17.548435747992553,233.00999999999996,250.55843574799252,0.0,0.1,19.79734625649092,19.79734625649092,0.2705722747161545,0.2435443563612542,0.5241221013644242,0.4944438209900357,62.385140165775496
3,39,0.3716008110445161,0.0,56.01677162145905,0.5,0.0,0.0,0.069663778036077,0.0877192982456141,0.0,16.004791891845443,233.00999999999996,249.0147918918454,0.0,0.1,20.93396529984116,20.93396529984116,0.2325732559435876,0.2322938178059391,0.464637430071362,0.464330590185007,83.28427357659862
3,40,0.370514445206085,0.0,58.55201605062493,0.5,0.0,0.0,0.0660459530817885,0.0877192982456141,0.0,16.729147443035693,233.00999999999996,249.73914744303565,0.0,0.1,19.846808901077452,19.846808901077452,0.2401707637927158,0.2401678747181024,0.4855075235904006,0.485504351212666,103.09805950113518
3,41,0.3725055008035645,0.0,56.10508100053136,0.5,0.0,0.0,0.0714209378919909,0.0877192982456141,0.0,16.03002314300896,233.00999999999996,249.0400231430089,0.0,0.1,21.46199183654328,21.46199183654328,0.2326039281896809,0.2326038983199137,0.4652162767686492,0.4652162439698477,124.52434086873248
3,42,0.3713124332182172,0.0,59.74639543713012,0.5,0.0,0.0,0.0669585140385219,0.0877192982456141,0.0,17.07039869632289,233.00999999999996,250.08039869632285,0.0,0.1,20.12103346857584,20.12103346857584,0.2438884666325368,0.2438884663237172,0.495409580908607,0.4954095805695044,144.61189508028906
3,43,0.3708012180952704,0.0,56.73078815962842,0.5,0.0,0.0,0.0676585878773618,0.0877192982456141,0.0,16.20879661703669,233.00999999999996,249.21879661703665,0.0,0.1,20.331405657147226,20.331405657147226,0.2345763372144589,0.2345763372112661,0.4704045452723036,0.4704045452687977,164.9094714434976
3,44,0.3715674001198204,0.0,57.19258484319661,0.5,0.0,0.0,0.0689258008942631,0.0877192982456141,0.0,16.340738526627604,233.00999999999996,249.35073852662757,0.0,0.1,20.712203168726063,20.712203168726063,0.2359519289415169,0.2359519289414839,0.4742337051674859,0.4742337051674496,185.58721171177655
3,45,0.3712154336191842,0.0,58.05580809607025,0.5,0.0,0.0,0.0677297934702013,0.0877192982456141,0.0,16.587373741734357,233.00999999999996,249.59737374173432,0.0,0.1,20.352802937795516,20.352802937795516,0.2386482014356988,0.2386482014356984,0.4813914435826723,0.4813914435826718,205.90614975283697
3,46,0.3700220116438479,0.0,57.24707685653016,0.5,0.0,0.0,0.0658070044454336,0.0877192982456141,0.0,16.35630767329433,233.00999999999996,249.3663076732943,0.0,0.1,19.7750048358528,19.7750048358528,0.2361486437006354,0.2361486437006355,0.4746855460740476,0.4746855460740477,225.64825108646704
3,47,0.6959099218225703,0.0,55.936675945528776,0.5,245.08224821539264,0.0,0.0647799904297522,0.0877192982456141,0.0,15.98190741300822,233.00999999999996,248.9919074130082,0.0,0.1,346.24271807799744,19.46638712414054,0.2320529558387698,0.2320529558387698,0.463819866878348,0.463819866878348,-0.0
4,48,0.3735773900530695,0.0,55.936675945528776,0.5,-0.0,-0.0,0.0736587100788154,0.087719298245614,0.0,15.98190741300822,233.01000000000005,248.99190741300828,0.0,0.1,346.24271807799744,19.46638712414054,0.2320529558387698,0.2320529558387698,0.463819866878348,0.463819866878348,22.097613023644637
4,49,0.4791631162076782,0.0,424.7256526407736,0.5,0.0,0.0,0.0740931698167252,0.0877192982456147,0.0,121.35018646879246,233.01,354.36018646879245,0.0,0.1,22.264997529925928,22.264997529925928,2.530181804523176,0.229834191840202,6.585561149650694,0.4579820118878402,44.3255639686622
4,50,0.3731015693952436,0.0,63.27898444133973,0.5,0.0,0.0,0.068516606012481,0.0877192982456141,0.0,18.07970984038278,233.00999999999996,251.0897098403827,0.0,0.1,20.589240106750555,20.589240106750555,0.27549841870074,0.249510035667182,0.5389697675530116,0.5104329595007151,64.88054577240652
4,51,0.3735094925483489,0.0,57.815815957885896,0.5,0.0,0.0,0.0724503291575201,0.0877192982456141,0.0,16.51880455939597,233.00999999999996,249.52880455939592,0.0,0.1,21.77132391183481,21.77132391183481,0.2382045165234676,0.2379358260064979,0.4795489781967449,0.4792539398444805,86.61564451966257
4,52,0.3723801319940849,0.0,60.45407987618373,0.5,0.0,0.0,0.06868779120506,0.0877192982456141,0.0,17.27259425033821,233.00999999999996,250.28259425033815,0.0,0.1,20.640681257120555,20.640681257120555,0.2461289294722637,0.2461261515159046,0.5012791360952327,0.5012760857320264,107.2219818811806
4,53,0.3744508345704931,0.0,57.90928406668937,0.5,0.0,0.0,0.0742777754076706,0.0877192982456141,0.0,16.54550973333982,233.00999999999996,249.5555097333398,0.0,0.1,22.320471510005017,22.320471510005017,0.2382596582885991,0.238259629567669,0.4801765005670738,0.4801764690297647,129.50531450348177
4,54,0.3732100443308934,0.0,61.69625125281777,0.5,0.0,0.0,0.0696368546000628,0.0877192982456141,0.0,17.627500357947934,233.00999999999996,250.63750035794789,0.0,0.1,20.925874807318873,20.925874807318873,0.2499955807282022,0.2499955804312602,0.511577539572796,0.5115775392467359,150.39637088350062
4,55,0.372678380603537,0.0,58.560019685994945,0.5,0.0,0.0,0.0703649313924562,0.0877192982456141,0.0,16.731434195998556,233.00999999999996,249.74143419599852,0.0,0.1,21.144661883433113,21.144661883433113,0.2403109661588247,0.2403109661557547,0.485572302538957,0.4855723025355858,171.5058503012375
4,56,0.3734752099090743,0.0,59.0402882369243,0.5,0.0,0.0,0.0716828329300336,0.0877192982456141,0.0,16.86865378197837,233.00999999999996,249.87865378197833,0.0,0.1,21.540691295475103,21.540691295475103,0.2417415815552279,0.2417415815551961,0.4895546288302353,0.4895546288302005,193.0107001802476
4,57,0.3731091647484128,0.0,59.938040419913065,0.5,0.0,0.0,0.0704389852090094,0.0877192982456141,0.0,17.125154405689447,233.00999999999996,250.1351544056894,0.0,0.1,21.166915055307346,21.166915055307346,0.2445457049491798,0.2445457049491795,0.4969986767820321,0.4969986767820318,214.14239574295044
4,58,0.371868005894063,0.0,59.09695993079137,0.5,0.0,0.0,0.0684392846232509,0.0877192982456141,0.0,16.88484569451182,233.00999999999996,249.8948456945118,0.0,0.1,20.566005029286913,20.566005029286913,0.241946164904714,0.241946164904714,0.4900245433730628,0.4900245433730627,234.67418112992573
4,59,0.7107914324799343,0.0,57.73414298334991,0.5,254.8855381440084,0.0,0.0673711900469423,0.0877192982456141,0.0,16.49546942381426,233.00999999999996,249.50546942381425,0.0,0.1,360.0924268011174,20.24504260910616,0.2376866495283737,0.2376866495283737,0.478724237009535,0.4787242370095348,-0.0
5,60,0.3868523235850303,0.0,57.73414298334991,0.5,-0.0,-0.0,0.0991559558753285,0.087719298245614,0.0,16.49546942381426,233.01000000000005,249.5054694238143,0.0,0.1,360.0924268011174,20.24504260910616,0.2376866495283737,0.2376866495283737,0.478724237009535,0.4787242370095348,21.247704830427537
5,61,0.4967280510514643,0.0,441.27467874640473,0.5,0.0,0.0,0.0997408055225147,0.0877192982456147,0.0,126.07847964182992,233.01,359.0884796418299,0.0,0.1,29.972112059515673,29.972112059515673,2.6277406521601563,0.2353791349698632,6.845335171092777,0.4726528678194069,42.62073458525211
5,62,0.3899738767077081,0.0,80.78530306414733,0.5,0.0,0.0,0.092233892709109,0.0877192982456141,0.0,23.08151516118495,233.00999999999996,256.09151516118493,0.0,0.1,27.716284759087284,27.716284759087284,0.3308549030919787,0.3038269847370785,0.6847006912995269,0.6550224109251385,62.38514016577549
5,63,0.3906899041338685,0.0,74.01518816431336,0.5,0.0,0.0,0.0975292892505079,0.0877192982456141,0.0,21.147196618375244,233.00999999999996,254.1571966183752,0.0,0.1,29.307551419777624,29.307551419777624,0.2889998083792336,0.2887203702415852,0.6138780315875668,0.6135711917012118,83.28427357659861
5,64,0.3891713366385578,0.0,77.57273673987069,0.5,0.0,0.0,0.0924643343145039,0.0877192982456141,0.0,22.163639068534483,233.00999999999996,255.17363906853444,0.0,0.1,27.78553246150844,27.78553246150844,0.299753598667674,0.2997507095930606,0.6432249422408631,0.6432217698631284,103.09805950113515
5,65,0.3919588387163557,0.0,74.1471125143822,0.5,0.0,0.0,0.0999893130487873,0.0877192982456141,0.0,21.184889289823484,233.00999999999996,254.19488928982344,0.0,0.1,30.04678857116059,30.04678857116059,0.2891612413588729,0.2891612114891057,0.6148185281272797,0.6148184953284782,124.52434086873244
5,66,0.3902885443474973,0.0,79.24495360281819,0.5,0.0,0.0,0.0937419196539307,0.0877192982456141,0.0,22.64141531509091,233.00999999999996,255.65141531509087,0.0,0.1,28.16944685600618,28.16944685600618,0.3049596077151177,0.304959607406298,0.6570891676887732,0.6570891673496709,144.61189508028903
5,67,0.389572843177963,0.0,75.02310342338504,0.5,0.0,0.0,0.0947220230283065,0.0877192982456141,0.0,21.43517240668144,233.00999999999996,254.4451724066814,0.0,0.1,28.463967920006116,28.463967920006116,0.2919226266594192,0.2919226266562263,0.6220821179402689,0.622082117936763,164.90947144349758
5,68,0.3906454980123598,0.0,75.66961878047428,0.5,0.0,0.0,0.0964961212519683,0.0877192982456141,0.0,21.61989108013551,233.00999999999996,254.62989108013548,0.0,0.1,28.997084436216493,28.997084436216493,0.2938484550786404,0.2938484550786073,0.6274429417949956,0.6274429417949594,185.58721171177652
5,69,0.3901527449114695,0.0,76.87813133449836,0.5,0.0,0.0,0.0948217108582819,0.0877192982456141,0.0,21.965180381285247,233.00999999999996,254.9751803812852,0.0,0.1,28.49392411291373,28.49392411291373,0.297623236570509,0.2976232365705086,0.6374637755762718,0.6374637755762713,205.90614975283697
5,70,0.3884819541459987,0.0,75.74590759914224,0.5,0.0,0.0,0.092129806223607,0.0877192982456141,0.0,21.641687885469217,233.00999999999996,254.6516878854692,0.0,0.1,27.68500677019392,27.68500677019392,0.2941238557414204,0.2941238557414204,0.6280755190641977,0.6280755190641977,225.648251086467
5,71,0.714014496014667,0.0,73.91134632374028,0.5,245.08224821539267,0.0,0.090691986601653,0.0877192982456141,0.0,21.11752752106865,233.00999999999996,254.1275275210686,0.0,0.1,354.02927292765366,27.252941973796755,0.2883898927348085,0.2883898927348085,0.6128635681902178,0.6128635681902178,-0.0
6,72,0.4269226359077146,0.0,73.91134632374028,0.5,-0.0,-0.0,0.1699816386434202,0.087719298245614,0.0,21.11752752106865,233.01000000000005,254.12752752106869,0.0,0.1,354.02927292765366,27.252941973796755,0.2883898927348085,0.2883898927348085,0.6128635681902178,0.6128635681902178,16.998163864342033
6,73,0.5327122536394303,0.0,442.4187048942431,0.5,0.0,0.0,0.1709842380385966,0.0877192982456147,0.0,126.40534425549802,233.01,359.415344255498,0.0,0.1,51.38076353059829,51.38076353059829,2.585631235819787,0.2852836231368136,6.732269708966361,0.6046905712035071,34.0965876682017
6,74,0.4367818371502078,0.0,129.20550636062336,0.5,0.0,0.0,0.158115244644187,0.0877192982456141,0.0,36.915858960178106,233.00999999999996,269.92585896017806,0.0,0.1,47.5136310155782,47.5136310155782,0.4810851904950886,0.4550968074615306,1.0856241781606704,1.0570873701083738,49.90811213262041
6,75,0.4384126538674412,0.0,119.01128905711975,0.5,0.0,0.0,0.1671930672865849,0.0877192982456141,0.0,34.00322544489136,233.00999999999996,267.0132254448913,0.0,0.1,50.24151671961879,50.24151671961879,0.430061265234722,0.4297925747177523,0.9869741282733112,0.9866790899210468,66.62741886127891
6,76,0.4358135653956062,0.0,125.12453907851668,0.5,0.0,0.0,0.1585102873962924,0.0877192982456141,0.0,35.749868308147626,233.00999999999996,268.7598683081476,0.0,0.1,47.63234136258588,47.63234136258588,0.4487106349440576,0.4487078569876985,1.037518432963665,1.037515382600459,82.47844760090817
6,77,0.4405921835001517,0.0,119.2521913053732,0.5,0.0,0.0,0.1714102509407782,0.0877192982456141,0.0,34.072054658678056,233.00999999999996,267.08205465867803,0.0,0.1,51.508780407703874,51.508780407703874,0.4305545237554903,0.4305544950345603,0.9888241559458782,0.9888241244085691,99.619472694986
6,78,0.4377288221707164,0.0,127.99134901710416,0.5,0.0,0.0,0.1607004336924526,0.0877192982456141,0.0,36.568956862029765,233.00999999999996,269.5789568620297,0.0,0.1,48.29048032458202,48.29048032458202,0.4576374604161277,0.4576374601191856,1.0612881346332137,1.0612881343071536,115.68951606423128
6,79,0.4365019058846946,0.0,120.75389158277726,0.5,0.0,0.0,0.1623806109056683,0.0877192982456141,0.0,34.5011118807935,233.00999999999996,267.51111188079346,0.0,0.1,48.795373577153335,48.795373577153335,0.4352883502717635,0.4352883502686935,1.0012760496101205,1.0012760496067494,131.92757715479812
6,80,0.4383407427437082,0.0,121.86220362366848,0.5,0.0,0.0,0.1654219221462314,0.0877192982456141,0.0,34.81777246390528,233.00999999999996,267.82777246390526,0.0,0.1,49.70928760494255,49.70928760494255,0.4385897704214484,0.4385897704214166,1.0104660333637694,1.0104660333637343,148.46976936942127
6,81,0.4374960231421825,0.0,123.9339394305686,0.5,0.0,0.0,0.1625515043284833,0.0877192982456141,0.0,35.40969698016246,233.00999999999996,268.4196969801624,0.0,0.1,48.84672705070925,48.84672705070925,0.445060824407534,0.4450608244075337,1.0276446055602706,1.0276446055602702,164.7249198022696
6,82,0.4346318104013754,0.0,121.9929844556724,0.5,0.0,0.0,0.1579368106690406,0.0877192982456141,0.0,34.8551384159064,233.00999999999996,267.86513841590636,0.0,0.1,47.46001160604673,47.46001160604673,0.4390618858433827,0.4390618858433825,1.0115504515395723,1.011550451539572,180.51860086917367
6,83,0.6939206653041379,0.0,118.84802226926902,0.5,196.0657985723142,0.0,0.1554719770314052,0.0877192982456141,0.0,33.95657779121972,233.00999999999996,266.96657779121966,0.0,0.1,308.1403938610229,46.71932909793729,0.429232234974905,0.429232234974905,0.9854728214698926,0.9854728214698923,-0.0
7,84,0.4681202895582097,0.0,118.84802226926904,0.5,-0.0,-0.0,0.2266421848578937,0.087719298245614,0.0,33.95657779121973,233.01000000000005,266.9665777912198,0.0,0.1,308.1403938610229,46.71932909793729,0.429232234974905,0.429232234974905,0.9854728214698926,0.9854728214698923,16.99816386434202
7,85,0.5527621315137979,0.0,412.7527311264968,0.5,0.0,0.0,0.2279789840514622,0.0877192982456147,0.0,117.92935175042764,233.01,350.93935175042765,0.0,0.1,68.50768470746439,68.50768470746439,2.264185291524722,0.4239072013783423,5.873525279702959,0.971461969492674,34.09658766820168
7,86,0.4741877573915763,0.0,167.80010060359493,0.5,0.0,0.0,0.2108203261922493,0.0877192982456141,0.0,47.94288588674141,233.00999999999996,280.95288588674134,0.0,0.1,63.35150802077094,63.35150802077094,0.5980173589313913,0.577226652504545,1.4027920084911918,1.3799625620493543,49.908112132620374
7,87,0.4765904354665161,0.0,155.0067061141233,0.5,0.0,0.0,0.2229240897154466,0.0877192982456141,0.0,44.28763031832094,233.00999999999996,277.2976303183209,0.0,0.1,66.98868895949172,66.98868895949172,0.5428768080777652,0.5426618556641895,1.285414085938943,1.2851780552571317,66.62741886127885
7,88,0.4731273440776555,0.0,163.16596581687136,0.5,0.0,0.0,0.2113470498617233,0.0877192982456141,0.0,46.61884737624896,233.00999999999996,279.6288473762489,0.0,0.1,63.50978848344786,63.50978848344786,0.5678759163450423,0.5678736939799552,1.3529528438340996,1.3529504035435345,82.47844760090808
7,89,0.4794988592824875,0.0,155.3362541817124,0.5,0.0,0.0,0.228547001254371,0.0877192982456141,0.0,44.381786909060686,233.00999999999996,277.39178690906067,0.0,0.1,68.67837387693851,68.67837387693851,0.543669146078785,0.5436691231020411,1.28802865425433,1.2880286290244825,99.6194726949859
7,90,0.4756810444288296,0.0,166.98846534691543,0.5,0.0,0.0,0.2142672449232702,0.0877192982456141,0.0,47.710990099118696,233.00999999999996,280.72099009911864,0.0,0.1,64.38730709944271,64.38730709944271,0.5797797425397778,0.5797797423022243,1.3846473081479649,1.3846473078871169,115.68951606423116
7,91,0.4740451560500752,0.0,157.33852211027434,0.5,0.0,0.0,0.2165074812075577,0.0877192982456141,0.0,44.95386346007838,233.00999999999996,277.96386346007836,0.0,0.1,65.06049810287112,65.06049810287112,0.549980929161255,0.5499809291587989,1.3046311949455802,1.3046311949428833,131.92757715479797
7,92,0.4764969385287869,0.0,158.8162714982237,0.5,0.0,0.0,0.2205625628616419,0.0877192982456141,0.0,45.376077570921055,233.00999999999996,278.38607757092103,0.0,0.1,66.27905013992341,66.27905013992341,0.554382822695691,0.5543828226956654,1.316884506618784,1.316884506618756,148.4697693694211
7,93,0.4753706457267529,0.0,161.57858590742478,0.5,0.0,0.0,0.2167353391046444,0.0877192982456141,0.0,46.165310259264224,233.00999999999996,279.17531025926417,0.0,0.1,65.12896940094566,65.12896940094566,0.563010894677154,0.5630108946771539,1.3397892695474694,1.339789269547469,164.72491980226943
7,94,0.4715516954056767,0.0,158.99064594089654,0.5,0.0,0.0,0.2105824142253875,0.0877192982456141,0.0,45.42589884025615,233.00999999999996,278.43589884025613,0.0,0.1,63.28001547472896,63.28001547472896,0.5550123099249525,0.5550123099249525,1.3183303975198717,1.318330397519872,180.5186008691735
7,95,0.7301298136883312,0.0,154.79736302569205,0.5,196.065798572314,0.0,0.207295969375207,0.0877192982456141,0.0,44.22781800734059,233.00999999999996,277.23781800734054,0.0,0.1,323.71350356033514,62.29243879724972,0.5419061087669823,0.5419061087669823,1.2835602240936324,1.2835602240936324,-0.0
8,96,0.5067501331546745,0.0,154.79736302569208,0.5,-0.0,-0.0,0.2833027310723671,0.087719298245614,0.0,44.227818007340595,233.01000000000005,277.23781800734065,0.0,0.1,323.71350356033514,62.29243879724972,0.5419061087669823,0.5419061087669823,1.2835602240936324,1.2835602240936324,16.998163864342033
8,97,0.5913983174666487,0.0,448.13883563343535,0.5,0.0,0.0,0.2849737300643277,0.0877192982456147,0.0,128.03966732383867,233.01,361.04966732383866,0.0,0.1,85.63460588433048,85.63460588433048,2.3750841541179435,0.5348060639715654,6.166942398334289,1.2648790881240075,34.09658766820169
8,98,0.5116801677626487,0.0,206.69741030053,0.5,0.0,0.0,0.2635254077403117,0.0877192982456141,0.0,59.05640294300857,233.00999999999996,292.06640294300854,0.0,0.1,79.18938502596367,79.18938502596367,0.7198342863161323,0.699043579889286,1.7253235980180164,1.7024941515761791,49.90811213262039
8,99,0.5147691112758092,0.0,191.0052529068904,0.5,0.0,0.0,0.2786551121443082,0.0877192982456141,0.0,54.572929401968686,233.00999999999996,287.58292940196867,0.0,0.1,83.73586119936463,83.73586119936463,0.6557428538091733,0.6555279013955976,1.583909498814292,1.5836734681324809,66.6274188612789
8,100,0.5054449157548284,0.0,201.2074249131576,0.5,0.0,0.0,0.2641838123271541,0.0877192982456141,0.0,57.487835689473606,233.00999999999996,290.49783568947356,0.0,0.1,79.38723560430981,79.38723560430981,0.6870417198888308,0.6870394975237436,1.6683878280487452,1.66838538775818,82.47844760090815
8,101,0.5034215889104074,0.0,191.420317392596,0.5,0.0,0.0,0.2856837515679638,0.0877192982456141,0.0,54.69151925502744,233.00999999999996,287.7015192550274,0.0,0.1,85.84796734617312,85.84796734617312,0.6567837738004464,0.6567837508237023,1.5872331584905122,1.587233133260665,99.619472694986
8,102,0.4687237504379308,0.0,205.98558168018545,0.5,0.0,0.0,0.2678340561540877,0.0877192982456141,0.0,58.85302333719584,233.00999999999996,291.8630233371958,0.0,0.1,80.48413387430337,80.48413387430337,0.7019220247192409,0.7019220244816874,1.708006481724001,1.7080064814631533,115.68951606423126
8,103,0.4467598599654659,0.0,193.9231526378071,0.5,0.0,0.0,0.2706343515094472,0.0877192982456141,0.0,55.40661503937347,233.00999999999996,288.4166150393734,0.0,0.1,81.3256226285889,81.3256226285889,0.6646735080513233,0.6646735080488673,1.6079863402816728,1.6079863402789758,131.9275771547981
8,104,0.4199930680638657,0.0,195.7703393727792,0.5,0.0,0.0,0.2757032035770524,0.0877192982456141,0.0,55.93438267793691,233.00999999999996,288.94438267793686,0.0,0.1,82.84881267490425,82.84881267490425,0.6701758749699394,0.6701758749699139,1.6233029798738048,1.6233029798737768,148.4697693694212
8,105,0.3888101120613232,0.0,199.22323238428095,0.5,0.0,0.0,0.2709191738808055,0.0877192982456141,0.0,56.92092353836598,233.00999999999996,289.93092353836596,0.0,0.1,81.41121175118207,81.41121175118207,0.6809609649467742,0.6809609649467739,1.651933933534668,1.651933933534668,164.72491980226954
8,106,0.590061608235543,0.0,195.98830742612063,0.5,180.5186008691736,0.0,0.2632280177817344,0.0877192982456141,0.0,55.996659264605896,233.00999999999996,289.00665926460584,0.0,0.1,319.79148716897606,79.1000193434112,0.6709627340065223,0.6709627340065223,1.625110343500171,1.625110343500171,0.0
8,107,0.3998465542059493,0.0,462.901720513577,0.5,15.547197703140526,0.0,0.2591199617190088,0.0877192982456141,0.0,132.25763443245057,233.00999999999996,365.26763443245056,0.0,0.1,98.59514543408284,77.86554849656216,2.348931717856196,0.6545799825590596,6.094997821268978,1.5816476267173725,-0.0
9,108,0.3610686262699564,0.0,462.9017205135769,0.5,-0.0,-0.0,0.3116330041796039,0.087719298245614,0.0,132.25763443245054,233.01000000000005,365.26763443245056,0.0,0.1,98.59514543408284,77.86554849656216,2.348931717856196,0.6545799825590596,6.094997821268978,1.5816476267173725,16.998163864342004
9,109,0.1708203203325292,0.0,0.0,0.5,0.0,0.0,0.3134711030707605,0.0877192982456147,0.0,0.0,233.01,233.01,1.7631623480008258,0.1,94.19806647276351,94.19806647276351,0.8107733717866757,0.6457049265647885,1.9680284892463105,1.5582962067553414,34.096587668201664
9,110,0.1247516452270427,0.0,0.0,0.5,0.0,0.0,0.2898779485143429,0.0877192982456141,0.0,0.0,233.00999999999996,233.00999999999996,1.866906439021934,0.1,87.10832352856005,87.10832352856005,0.7638713669749431,0.762024843334438,1.867920236044724,1.8658926419991433,49.90811213262036
9,111,0.098897810236663,0.0,0.0,0.5,0.0,0.0,0.3065206233587391,0.0877192982456141,0.0,0.0,233.00999999999996,233.00999999999996,1.7344856347683726,0.1,92.10944731930113,92.10944731930113,0.7135334613624674,0.7135143703943636,1.7344961162841257,1.73447515325262,66.62741886127884
9,112,0.0568239498723287,0.0,0.0,0.5,0.0,0.0,0.2906021935598695,0.0877192982456141,0.0,0.0,233.00999999999996,233.00999999999996,1.827542502820738,0.1,87.32595916474081,87.32595916474081,0.7480619950830775,0.7480617977040376,1.8275426111877675,1.8275423944537077,82.47844760090807
9,113,0.1723135350146711,0.0,0.0,0.5,99.61947269498587,0.0,0.3142521267247601,0.0877192982456141,0.0,0.0,233.00999999999996,233.00999999999996,1.7383499042543225,0.1,227.25872767410496,94.43276408079043,0.7148556610537118,0.7148556590130355,1.7383499053747151,1.7383499031339298,0.0
9,114,0.0171231023535741,0.0,0.0,0.5,16.070043369245255,0.0,0.2946174617694965,0.0877192982456141,0.0,0.0,233.00999999999996,233.00999999999996,3.1164779997685432,0.1,109.9592717540607,88.5325472617337,1.6994659950861983,0.7644353355240274,4.361827687580146,1.8711283119569404,0.0
9,115,0.057711148589896,0.0,0.0,0.5,16.238061090566816,0.0,0.297697786660392,0.0877192982456141,0.0,0.0,233.00999999999996,233.00999999999996,1.968927584601876,0.1,111.10893301220356,89.4581848914478,0.8859895925077079,0.7245922036627875,2.1756200011287516,1.762235168075001,0.0
9,116,0.0609073132611245,0.0,0.0,0.5,16.542192214623128,0.0,0.3032735239347577,0.0877192982456141,0.0,0.0,233.00999999999996,233.00999999999996,1.9821440620763848,0.1,113.18995022855886,91.13369394239469,0.8839387587423296,0.7297146703410679,2.1861326912252785,1.77815543292749,0.0
9,117,0.057890743336156,0.0,0.0,0.5,16.255150432848325,0.0,0.2980110912688861,0.0877192982456141,0.0,0.0,233.00999999999996,233.00999999999996,2.017400524951983,0.1,111.22586683676474,89.5523329263003,0.8985855743923359,0.7415795561768284,2.2251512295335427,1.8096498203704223,0.0
9,118,0.0433260998578867,0.0,0.0,0.5,15.793681066904057,0.0,0.2895508195599079,0.0877192982456141,0.0,0.0,233.00999999999996,233.00999999999996,1.9843524593160935,0.1,108.06826270029109,87.01002127775233,0.8849537847211156,0.7306104485104845,2.188532129158074,1.7801727894741128,0.0
9,119,0.032574030107535,0.0,0.0,0.5,15.547197703140512,0.0,0.2850319578909097,0.0877192982456141,0.0,0.0,233.00999999999996,233.00999999999996,1.930731311964608,0.1,106.38170028373906,85.65210334621837,0.8625444601197909,0.7125625980672126,2.1291255899719355,1.7323370339572817,-0.0
10,120,0.0225746276825918,0.0,0.0,0.5,-0.0,-0.0,0.3257981407332221,0.087719298245614,0.0,0.0,233.01000000000005,233.01000000000005,1.930731311964608,0.1,106.38170028373906,85.65210334621837,0.8625444601197909,0.7125625980672126,2.1291255899719355,1.7323370339572817,21.247704830427537
10,121,0.0,0.0,0.0,0.5,29.393780304458303,0.0,0.3277197895739769,0.0877192982456147,0.0,0.0,233.00999999999996,233.00999999999996,1.901892144996836,0.1,137.67150383959114,98.47979676698006,0.8503748740895334,0.7027557558279726,2.0971780808585225,1.7066062091351497,13.22695428079382
10,122,0.0,0.1235962251942561,0.0,0.5,0.0,0.0,0.3030542189013584,0.0877192982456141,0.0,0.0,233.00999999999996,233.00999999999996,2.315369312188901,0.1,91.0677927798582,91.0677927798582,1.0704791185468874,0.7929223039516374,2.683737673295783,1.947000951082019,32.99135986131721
10,123,0.0,0.1961418255819258,0.0,0.5,0.0,0.0,0.3204533789659545,0.0877192982456141,0.0,0.0,233.00999999999996,233.00999999999996,1.8111924226363456,0.1,96.29624037926934,96.29624037926934,0.7452376205004415,0.7421034948853868,1.8129131518747348,1.8094716933979564,53.89049327214033
10,124,0.0,0.2805441039741844,0.0,0.5,0.0,0.0,0.3038113841762272,0.0877192982456141,0.0,0.0,233.00999999999996,233.00999999999996,1.9064860229652147,0.1,91.29532094495627,91.29532094495627,0.7779524325016738,0.777920029183981,1.9065038133613323,1.9064682325690971,73.7042791966769
10,125,0.0,0.165021529026623,0.0,0.5,0.0,95.13056056427418,0.3285363143031583,0.0877192982456141,0.0,0.0,233.00999999999996,233.00999999999996,1.8132166872237612,0.1,98.72516244809908,225.56590986713132,0.7432001237045134,0.74319978869082,1.8132168711563568,1.8132165032911665,0.0
10,126,0.0,0.2990077092680881,0.0,0.5,0.0,20.08755421155658,0.3080091645772009,0.0877192982456141,0.0,0.0,233.00999999999996,233.00999999999996,3.141263721322083,0.1,92.55675395544888,119.34015957085764,0.7950330230141486,1.687930646696853,1.9520302260570483,4.330497216587117,0.0
10,127,0.0,0.316012539733391,0.0,0.5,0.0,20.297576363208563,0.3112295042358643,0.0877192982456141,0.0,0.0,233.00999999999996,233.00999999999996,2.094749224419884,0.1,93.52446602287723,120.587901173822,0.7532863276342623,0.9519161638098124,1.8380949755533065,2.351403473286461,0.0
10,128,0.0,0.3361747499978186,0.0,0.5,0.0,20.67774026827894,0.3170586841136102,0.0877192982456141,0.0,0.0,233.00999999999996,233.00999999999996,2.1098315340491895,0.1,95.27613457613988,122.84645493384514,0.7587664064082925,0.9515142916868088,1.8548634402298787,2.3647996278685004,0.0
10,129,0.0,0.3853405582479412,0.0,0.5,0.0,0.0,0.3115570499629264,0.0877192982456141,0.0,0.0,233.00999999999996,233.00999999999996,2.147480033826823,0.1,93.6228935138594,93.6228935138594,0.7711729258265334,0.9674301154235216,1.887791836021539,2.407168231632107,20.31893804106042
10,130,0.0,0.3943348267333408,0.0,0.5008122596151204,0.0,0.0,0.3027122204489946,0.1019694669319374,0.0,0.0,233.00999999999996,233.00999999999996,1.8581917962136785,0.1,90.96502224492288,90.96502224492288,0.759705894176664,0.7619210417003506,1.8569756135906703,1.859407978836686,40.06103937469051
10,131,0.0,0.0,0.0,0.5205101778426084,59.49503650361618,0.0,0.2979879559768601,0.4334393126954265,0.0,0.0,233.00999999999996,233.00999999999996,1.806769245613675,0.1,168.87209610920138,89.54538077104647,0.7406286394235939,0.7406515415461513,1.8067566716594865,1.806781819567864,-0.0
11,132,0.0,0.4192148446578296,0.0,0.5205101778426084,-0.0,-0.0,0.3399632772868405,0.0913175750601053,0.0,0.0,233.01000000000005,233.01000000000005,1.806769245613675,0.1,168.87209610920138,89.54538077104647,0.7406286394235939,0.7406515415461513,1.8067566716594865,1.806781819567864,25.497245796513027
11,133,0.0,0.4526284823869613,0.0,0.5153050760641824,0.0,51.14488150230254,0.3419684760771933,0.0,0.0,0.0,233.00999999999996,233.00999999999996,2.5236092638470677,0.1,102.76152706119656,170.9547023976,1.2887994670941851,0.7303779243139111,3.267360562468218,1.779857965225918,0.0
11,134,0.0,0.3521791590222128,0.0,0.521298180069361,0.0,0.0,0.316230489288374,0.1955465748389561,0.0,0.0,233.00999999999996,233.00999999999996,2.670971705859141,0.1,95.0272620311564,95.0272620311564,0.8301945203917378,1.3039327356763464,2.035069853749137,3.306873557969145,23.717286696628065
11,135,0.0,0.0,0.0,0.5436115214762359,48.79624678961581,0.0,0.3343861345731699,0.4829179510099741,0.0,0.0,233.00999999999996,233.00999999999996,1.8874062327416656,0.1,165.544695825392,100.48303343923756,0.7706822958191882,0.7760404440911979,1.8844644481651371,1.8903480173181944,0.0
11,136,0.0,0.0,0.0,0.5688966475171855,0.0,23.776543109443864,0.3170205747925849,0.5389691448370527,0.0,0.0,233.00999999999996,233.00999999999996,2.595429112316807,0.1,95.26468272517177,126.96674020443024,1.2657804474787957,0.8078331511832146,3.2054038407725463,1.985454383861069,0.0
11,137,0.0,0.0,0.0,0.5935774146283609,0.0,25.71153764111672,0.3428205018815565,0.5328023436201256,0.0,0.0,233.00999999999996,233.00999999999996,2.1886565229818764,0.1,103.01756081540776,137.2996110035634,0.7772188444593219,0.995212270690817,1.8942649144868944,2.4830481314768584,0.0
11,138,0.0,0.0,0.0,0.6192757854327929,0.0,24.10506505386789,0.3214008673849053,0.5549849991353644,0.0,0.0,233.00999999999996,233.00999999999996,2.356019468903278,0.1,96.58096064916404,128.72104738765458,0.8259360151110505,1.069732858571811,2.0332429433128794,2.6787959944936763,0.0
11,139,0.0,0.0,0.0,0.6453983972514457,24.35709163585024,0.0,0.3247612218113366,0.5669363100522925,0.0,0.0,233.00999999999996,233.00999999999996,2.2161440803649066,0.1,130.06686933544034,97.59074715430668,0.7813188304444587,1.010321475639416,1.9132941469320912,2.5189940137977223,0.0
11,140,0.0,0.0,0.0,0.6715819939883165,24.81328832193475,0.0,0.3308438442924629,0.5725891352523762,0.0,0.0,233.00999999999996,233.00999999999996,2.237468972202826,0.1,132.50295963913143,99.4185752098851,1.016423931201745,0.790392249017841,2.5405396130867497,1.9343983313189033,0.0
11,141,0.0,0.0,0.0,0.6984952405766184,0.0,24.382725649272473,0.3251030086569667,0.5899836233014916,0.0,0.0,233.00999999999996,233.00999999999996,2.277558980909963,0.1,97.6934541014185,130.20375496711512,1.0362470532882018,0.8007928679889019,2.5891549278614803,1.9659630339584464,0.0
11,142,0.0,0.0,0.0,0.7176660590045086,0.0,0.0,0.3158736213380813,0.4588731725202903,0.0,0.0,233.00999999999996,233.00999999999996,2.240047932379601,0.1,94.92002321209344,94.92002321209344,0.7914592282714612,1.0176584372680206,1.936696959148176,2.5433989056110256,23.690521600356107
11,143,0.0,0.0,0.0,0.7254088159449475,47.0113181550669,0.0,0.3109439540628105,0.261744167201474,0.0,0.0,233.00999999999996,233.00999999999996,1.883027418687824,0.1,156.1204157359638,93.43865819587458,0.7691390716063744,0.7716971253208403,1.8816229702513263,1.884431867124322,-0.0
12,144,0.0,0.054051675166191,0.0,0.7254088159449475,-0.0,-0.0,0.3399632772868405,0.1272647045517445,0.0,0.0,233.01000000000005,233.01000000000005,1.883027418687824,0.1,156.1204157359638,93.43865819587458,0.7691390716063744,0.7716971253208403,1.8816229702513263,1.884431867124322,25.497245796513027
12,145,0.0,0.0,0.0,0.7207210443365548,51.14488150230254,0.0,0.3419684760771933,0.0450230973869614,0.0,0.0,233.00999999999996,233.00999999999996,2.440984516256146,0.1,170.9547023976,102.76152706119656,1.199417814369693,0.7581949494339802,3.028661626846193,1.853307405666086,0.0
12,146,0.0,0.0,0.0,0.7153328614943322,23.717286696628065,0.0,0.316230489288374,0.0319127649323314,0.0,0.0,233.00999999999996,233.00999999999996,2.670521677565993,0.1,126.65031095999382,95.0272620311564,1.3091635768921983,0.8241317638614152,3.3126240545544836,2.0284193005775015,0.0
12,147,0.0,0.0,0.0,0.7079447464391307,0.0,0.0,0.3343861345731699,0.0,0.0035217966038715,0.0,233.00999999999996,233.00999999999996,2.183892532583485,0.1,100.48303343923756,100.48303343923756,0.998705157726296,0.7706192485583997,2.4833898100952387,1.8843952550717311,25.078960092987742
12,148,0.0,0.0,0.0,0.7008652989747395,0.0,32.88027454973346,0.3170205747925849,0.0,0.0,0.0,233.00999999999996,233.00999999999996,1.9870477770245596,0.1,95.26468272517177,139.10504879148306,0.8105919899666718,0.8080204178978824,1.9884596474442189,1.985635906604901,15.97522865269815
12,149,0.0,0.0,0.0,0.6951990528424842,41.68676629381488,0.0,0.3428205018815565,0.0235509974998611,0.0,0.0,233.00999999999996,233.00999999999996,2.2991402704427073,0.1,158.5999158738276,103.01756081540776,0.7715743224402608,1.0801627476613531,1.8881163573692117,2.710164183516202,0.0
12,150,0.0,0.0,0.0,0.6942760887085251,24.105065053867875,0.0,0.3214008673849053,0.1057723928853643,0.0,0.0,233.00999999999996,233.00999999999996,2.556312626465431,0.1,128.72104738765455,96.58096064916404,1.2172413037070686,0.8294546883331492,3.075527578195046,2.037097674735816,0.0
12,151,0.0,0.0,0.0,0.6959186386649951,0.0,0.0,0.3247612218113366,0.150619488483426,0.0,0.0,233.00999999999996,233.00999999999996,2.2172444885797864,0.1,97.59074715430668,97.59074715430668,1.0121546683306053,0.7815195774978464,2.520990683772358,1.9134982933872149,24.357091635850253
12,152,0.0,0.0,0.0,0.693907506743406,0.0,49.17037995778499,0.3308438442924629,0.0868079730712423,0.0,0.0,233.00999999999996,233.00999999999996,1.9329917779235657,0.1,99.4185752098851,164.9790818202651,0.7904120952524906,0.7878106780779259,1.9344200342040476,1.931563521643083,0.0
12,153,0.0,0.0,0.0,0.693964125297907,24.38272564927246,0.0,0.3251030086569667,0.1227314670514916,0.0,0.0,233.00999999999996,233.00999999999996,2.5803810804845595,0.1,130.20375496711512,97.6934541014185,0.800543199550973,1.262030619843746,1.9657136401099569,3.1950485208591624,0.0
12,154,0.0,0.0,0.0,0.6943360857507074,23.690521600356107,0.0,0.3158736213380813,0.1282737141364821,0.0,0.0,233.00999999999996,233.00999999999996,2.241696756482628,0.1,126.5073853459016,94.92002321209344,1.0179043864314885,0.7942612844964719,2.5436443500485657,1.9397491629166908,0.0
12,155,0.0,0.0,0.0,0.6943265365953114,23.320796554710796,0.0,0.3109439540628105,0.1216458193352822,0.0,0.0,233.00999999999996,233.00999999999996,2.1792028496889726,0.1,124.53305360215565,93.43865819587458,0.9940607862583848,0.7691693797558782,2.4767495830214012,1.881656116356544,-0.0
13,156,0.0,0.0186977324761255,0.0,0.6943265365953114,-0.0,-0.0,0.3257981407332221,0.121811673086896,0.0,0.0,233.01000000000005,233.01000000000005,2.1792028496889726,0.1,124.53305360215565,93.43865819587458,0.9940607862583848,0.7691693797558782,2.4767495830214012,1.881656116356544,25.49724579651304
13,157,0.0,0.0,0.0,0.6939079491520721,0.0,51.14488150230254,0.3277197895739769,0.1144680337318211,0.0,0.0,233.00999999999996,233.00999999999996,2.146449963723291,0.1,98.47979676698006,166.67297210338344,0.9798397118757148,0.7584118759286165,2.439378405537062,1.8535215219095016,0.0
13,158,0.0,0.0,0.0,0.6990042702214302,0.0,23.71728669662805,0.3030542189013584,0.2111473782610327,0.0,0.0,233.00999999999996,233.00999999999996,2.5886286850292106,0.1,91.0677927798582,122.6908417086956,0.7962501309761773,1.2737979965723147,1.9506352203024055,3.2266221497560155,0.0
13,159,0.0,0.0,0.0,0.7064348838303186,25.078960092987742,0.0,0.3204533789659545,0.2529939703702227,0.0,0.0,233.00999999999996,233.00999999999996,2.1091882816912717,0.1,129.73485383658632,96.29624037926934,0.7423621428991266,0.9703706765064658,1.809733485689751,2.4086430776927923,0.0
13,160,0.0,0.0,0.0,0.7119233348259761,23.776543109443864,0.0,0.3038113841762272,0.2202245584905397,0.0,0.0,233.00999999999996,233.00999999999996,2.2216406473760193,0.1,122.99737842421476,91.29532094495627,1.0135589399164149,0.7807380163701841,2.533742972837799,1.90953832191424,0.0
13,161,0.0,0.0,0.0,0.7135110523743938,0.0,25.711537641116735,0.3285363143031583,0.1527535245031137,0.0,0.0,233.00999999999996,233.00999999999996,2.1121844817608295,0.1,98.72516244809908,133.00721263625474,0.9692875045921376,0.743487544814399,2.410862111996281,1.813506851525378,0.0
13,162,0.0,0.0,0.0,0.7127870134386652,0.0,24.10506505386789,0.3080091645772009,0.1124749401406203,0.0,0.0,233.00999999999996,233.00999999999996,2.2750994123794253,0.1,92.55675395544888,124.69684069393938,0.7978298022930567,1.0366104141754098,1.9550769488157809,2.5951218759430708,0.0
13,163,0.0,0.0,0.0,0.7078470316433612,24.35709163585024,0.0,0.3112295042358643,0.0383840059488162,0.0,0.0,233.00999999999996,233.00999999999996,2.140238063522282,0.1,126.0005882040109,93.52446602287723,0.752604398139909,0.9815551811680552,1.8374166039790805,2.443059523065484,0.0
13,164,0.0,0.0,0.0,0.698260815188387,24.81328832193472,0.0,0.3170586841136102,0.0,0.0376161920781082,0.0,233.00999999999996,233.00999999999996,2.160801365279855,0.1,128.36051900538618,95.27613457613988,0.9874129519351182,0.7613807335550073,2.4638723005516248,1.8577304300080852,0.0
13,165,0.0,0.0,0.0,0.6844628563283603,0.0,24.3827256492725,0.3115570499629264,0.0,0.1022302606221413,0.0,233.00999999999996,233.00999999999996,2.199459249728065,0.1,93.6228935138594,126.13319437955607,1.0066959727156046,0.771241781872642,2.5110551997232187,1.8878632997329103,0.0
13,166,0.0,0.0,0.0,0.6745922807089948,17.85452587988083,0.0,0.3027122204489946,0.0,0.0453892058412295,0.0,233.00999999999996,233.00999999999996,2.163288200043332,0.1,114.77105675143063,90.96502224492288,0.76240687523548,0.9886060841747246,1.8599372268433745,2.4666391732432893,5.835995720475266
13,167,0.0,0.0,0.0,0.6678463579019048,0.0,29.15679227518606,0.2979879559768601,0.0,0.0,0.0,233.00999999999996,233.00999999999996,2.0316425290411964,0.1,89.54538077104647,128.42110380462788,0.9084899337905654,0.7434649973758594,2.2534387022184936,1.809846355863899,-0.0
14,168,0.0224233325439801,0.0,0.0,0.6678463579019048,-0.0,-0.0,0.3116330041796039,0.1171660277020874,0.0,0.0,233.01000000000005,233.01000000000005,2.0316425290411964,0.1,89.54538077104647,128.42110380462788,0.9084899337905654,0.7434649973758594,2.2534387022184936,1.809846355863899,25.497245796513027
14,169,0.0,0.0,0.0,0.6623543830997566,51.144881502302525,0.0,0.3134711030707605,0.020815592576681,0.0,0.0,233.00999999999996,233.00999999999996,2.1455902051576468,0.1,162.39124180916693,94.19806647276351,0.7324583790035993,1.0042578647514635,1.782124145134217,2.509056265181061,0.0
14,170,0.0,0.0,0.0,0.6588512120193738,23.71728669662805,0.0,0.2898779485143429,0.0547433815897339,0.0,0.0,233.00999999999996,233.00999999999996,2.508329958754242,0.1,118.73137245739744,87.10832352856005,1.243361378900076,0.7663868148189573,3.1460086637041673,1.8706512538043167,0.0
14,171,0.0,0.0,0.0,0.6537053658123732,25.078960092987742,0.0,0.3065206233587391,0.025309928301634,0.0,0.0,233.00999999999996,233.00999999999996,2.0345020515600174,0.1,125.54806077661812,92.10944731930113,0.942088448927169,0.7140858426097364,2.333953593301084,1.7350505098189508,0.0
14,172,0.0,0.0,0.0,0.6456354860471846,0.0,23.776543109443864,0.2906021935598695,0.0,0.0229923916059731,0.0,233.00999999999996,233.00999999999996,2.14271996339817,0.1,87.32595916474081,119.0280166439993,0.986276293366068,0.7483138869154823,2.457645117632257,1.8277948091640832,0.0
14,173,0.0,0.0,0.0,0.6350894501416632,0.0,0.0,0.3142521267247601,0.0,0.0613452156757425,0.0,233.00999999999996,233.00999999999996,2.037317955201422,0.1,94.43276408079043,94.43276408079043,0.7178028422849867,0.938284085198603,1.7415604605134567,2.333075449889387,25.711537641116735
14,174,0.0,0.0,0.0,0.621408675915871,0.0,0.0,0.2946174617694965,0.0,0.109948195865633,0.0,233.00999999999996,233.00999999999996,1.8727758521836195,0.1,88.5325472617337,88.5325472617337,0.7647111427903466,0.7672046244248895,1.871406855761353,1.8741448486058865,49.81660269498464
14,175,0.0,0.0,0.0,0.6067858850084772,0.0,0.0,0.297697786660392,0.0,0.1261305622235261,0.0,233.00999999999996,233.00999999999996,1.7612328142356564,0.1,89.4581848914478,89.4581848914478,0.7235743783310987,0.7236001581138798,1.7612186603594435,1.7612469681118694,74.17369433083489
14,176,0.0,0.0,0.0,0.5914720912431026,0.0,0.0,0.3032735239347577,0.0,0.1386890237293462,0.0,233.00999999999996,233.00999999999996,1.7779738180870135,0.1,91.13369394239469,91.13369394239469,0.7295337614107219,0.7295340279445479,1.7779736717519257,1.777973964422101,98.9869826527696
14,177,0.0,0.0,0.0,0.5758354455853331,0.0,0.0,0.2980110912688861,0.0,0.1458288711800775,0.0,233.00999999999996,233.00999999999996,1.809480394838002,0.1,89.5523329263003,89.5523329263003,0.7414101408884286,0.7414101436440873,1.8094803933250627,1.8094803963509416,123.36970830204211
14,178,0.0,0.0,0.0,0.5599854851168308,0.0,0.0,0.2895508195599079,0.0,0.1513740901897339,0.0,233.00999999999996,233.00999999999996,1.780000418471888,0.1,87.01002127775233,87.01002127775233,0.7304380744801147,0.730438074508605,1.780000418456246,1.7800004184875302,147.0602299023982
14,179,0.1982134800145926,0.0,0.0,0.5418616904754878,170.381026457109,0.0,0.2850319578909097,0.0,0.1878590968526195,0.0,233.00999999999996,233.00999999999996,1.7321675547763238,0.1,312.8268052890304,85.65210334621837,0.7123931218370626,0.712393121837357,1.732167554776162,1.7321675547764854,-0.0
15,180,0.2628872163711034,0.0,0.0,0.5418616904754878,-0.0,-0.0,0.2833027310723671,0.0950634544693818,0.0,0.0,233.01000000000005,233.01000000000005,1.7321675547763238,0.1,312.8268052890304,85.65210334621837,0.7123931218370626,0.712393121837357,1.732167554776162,1.7321675547764854,29.746786762598543
15,181,0.3089657801858428,0.0,439.626572135264,0.536443073570733,0.0,0.0,0.2849737300643277,0.0,0.0,125.60759203864689,233.00999999999996,358.6175920386468,0.1910579827447148,0.1,85.63460588433048,85.63460588433048,2.3017912885657967,0.7025910596180495,5.966330711748561,1.7064415080570208,59.669028419352955
15,182,0.2513232439854754,0.0,206.7865490650733,0.5310786428350256,0.0,0.0,0.2635254077403117,0.0,0.0,59.08187116144951,233.00999999999996,292.0918711614495,0.0,0.1,79.18938502596367,79.18938502596367,0.7191597556539586,0.7010926479402796,1.7245673877984298,1.704728616597479,87.33919623208568
15,183,0.2691160015171858,0.0,191.0061926113583,0.5257678564066753,0.0,0.0,0.2786551121443082,0.0,0.0,54.57319788895951,233.00999999999996,287.5831978889595,0.0,0.1,83.73586119936463,83.73586119936463,0.6557358704118009,0.6555490769315959,1.5839018306238506,1.5836967201449434,116.59798300723806
15,184,0.3135736765350663,0.0,201.20743462864,0.5205101778426086,0.0,0.0,0.2641838123271541,0.0,0.0,57.48783846532571,233.00999999999996,290.4978384653257,0.0,0.1,79.38723560430981,79.38723560430981,0.6870416476883923,0.6870397164548601,1.66838774876832,1.6683856281577167,144.33728330158925
15,185,0.3611431969434925,0.0,191.42031749304311,0.5153050760641825,0.0,0.0,0.2856837515679638,0.0,0.0,54.69151928372661,233.00999999999996,287.70151928372655,0.0,0.1,85.84796734617312,85.84796734617312,0.6567837730539754,0.6567837530872027,1.5872331576708425,1.587233135746125,174.33407721622547
15,186,0.3861386084426135,0.0,205.985581681224,0.5101520253035406,0.0,0.0,0.2678340561540877,0.0,0.0,58.853023337492566,233.00999999999996,291.8630233374925,0.0,0.1,80.48413387430337,80.48413387430337,0.7019220247115232,0.7019220245050894,1.708006481715527,1.70800648148885,202.4566531124047
15,187,0.6646801575978297,0.0,193.92315263781788,0.5050505050505052,0.0,202.98876722098112,0.2706343515094472,0.0,0.0,55.40661503937654,233.00999999999996,288.4166150393765,0.0,0.1,81.3256226285889,351.9773122565637,0.6646735080512435,0.6646735080491092,1.6079863402815853,1.6079863402792418,27.884492799915535
15,188,0.4944716199448103,0.0,501.8020229407347,0.5,0.0,0.0,0.2757032035770524,0.0,0.0,143.3720065544956,233.00999999999996,376.38200655449555,0.0,0.1,82.84881267490425,82.84881267490425,0.6701758749699385,2.5754331079126525,1.623302979873805,6.69845527784982,56.83332917550604
15,189,0.6174059714922643,0.0,200.64845549695843,0.5,85.27984243299063,0.0,0.2709191738808055,0.0877192982456121,0.0,57.328130141988126,233.00999999999996,290.3381301419881,0.0,0.1,195.11766832850293,81.41121175118207,0.6809609649467742,0.7024857790549435,1.651933933534668,1.67556947437509,0.0
15,190,0.5820620943156903,0.0,324.57337738306313,0.5,0.0,27.638941867082124,0.2632280177817344,0.0877192982456141,0.0,92.73525068087518,233.00999999999996,325.74525068087513,0.0,0.1,79.1000193434112,115.95194183285405,1.471401294445635,0.6711852762640738,3.75728836605871,1.6253547082872788,0.0
15,191,0.5532713146490476,0.0,233.01488322842903,0.5,27.207595980495924,0.0,0.2591199617190088,0.0877192982456141,0.0,66.5756809224083,233.00999999999996,299.58568092240824,0.0,0.1,114.14234313722338,77.86554849656216,0.6636230088342316,0.9140020267826992,1.5915774136030447,2.2726826731039047,-0.0
16,192,0.5149186943795703,0.0,233.01488322842908,0.5,-0.0,-0.0,0.2549724579651304,0.087719298245614,0.0,66.57568092240831,233.01000000000005,299.58568092240836,0.0,0.1,114.14234313722338,77.86554849656216,0.6636230088342316,0.9140020267826992,1.5915774136030447,2.2726826731039047,33.99632772868404
16,193,0.4490957149530919,0.0,0.0,0.5,0.0,0.0,0.2564763570578949,0.0877192982456147,0.0,0.0,233.01,233.01,1.900080634520736,0.1,77.07114529589744,77.07114529589744,0.9011695422251682,0.648635768121615,2.2386468219350157,1.5615144471064573,68.19317533640336
16,194,0.4394343181622375,0.0,0.0,0.5,0.0,0.0,0.2371728669662805,0.0877192982456141,0.0,0.0,233.00999999999996,233.00999999999996,1.546448873500672,0.1,71.2704465233673,71.2704465233673,0.6444579952599716,0.641602252126041,1.54801676238307,1.544880984618274,99.81622426524076
16,195,0.4462494935110178,0.0,0.0,0.5,0.0,0.0,0.2507896009298774,0.0877192982456141,0.0,0.0,233.00999999999996,233.00999999999996,1.4357490523123548,0.1,75.36227507942819,75.36227507942819,0.6004292707726903,0.6003997456153153,1.4357652625118822,1.4357328421128277,133.25483772255774
16,196,0.4397308965083807,0.0,0.0,0.5,0.0,0.0,0.2377654310944386,0.0877192982456141,0.0,0.0,233.00999999999996,233.00999999999996,1.5118598605308773,0.1,71.44851204387882,71.44851204387882,0.6286485828901147,0.6286482776333471,1.511860028126025,1.51185969293573,164.95689520181622
16,197,0.4494155441394034,0.0,0.0,0.5,0.0,0.0,0.2571153764111674,0.0877192982456141,0.0,0.0,233.00999999999996,233.00999999999996,1.4388837990679368,0.1,77.2631706115558,77.2631706115558,0.601479418729784,0.601479415573774,1.438883800800682,1.438883797335193,199.23894538997197
16,198,0.4413751488402229,0.0,0.0,0.5,0.0,0.0,0.2410506505386789,0.0877192982456141,0.0,0.0,233.00999999999996,233.00999999999996,1.5475206747494532,0.1,72.43572048687302,72.43572048687302,0.6420446031348404,0.6420446031022108,1.5475206747673684,1.547520674731539,231.37903212846257
16,199,0.7944434142958394,0.0,0.0,0.5,0.0,263.85515430959606,0.2435709163585024,0.0877192982456141,0.0,0.0,233.00999999999996,233.00999999999996,1.4575909425208304,0.1,73.19306036572999,424.9999327785248,0.6086094836858359,0.6086094836854985,1.457590942521016,1.4575909425206457,0.0
16,200,0.4449198062968973,0.0,0.0,0.5,0.0,0.0,0.2481328832193471,0.0877192982456141,0.0,0.0,233.00999999999996,233.00999999999996,4.769774113432507,0.1,74.56393140741382,74.56393140741382,0.6134887218418068,3.090039262445406,1.4713031904839262,8.068245036381086,33.084384429246285
16,201,0.5302244205134803,0.0,0.0,0.5,65.59468529494295,0.0,0.243827256492725,0.0877192982456141,0.0,0.0,233.00999999999996,233.00999999999996,1.5151469893291625,0.1,160.72967096932115,73.27009057606386,0.6259127442393223,0.6538917956210847,1.4997856484997674,1.5305083301585571,0.0
16,202,0.4814168417004739,0.0,0.0,0.5,31.587362133808128,0.0,0.236905216003561,0.0877192982456141,0.0,0.0,233.00999999999996,233.00999999999996,2.293169215290722,0.1,113.3065002541476,71.1900174090701,1.2299445336519277,0.6145605821690472,3.1130139423112424,1.4733244882702006,0.0
16,203,0.478909078876983,0.0,0.0,0.5,31.094395406281052,0.0,0.2332079655471079,0.0877192982456141,0.0,0.0,233.00999999999996,233.00999999999996,1.8331946367563403,0.1,111.53818752194734,70.07899364690593,0.9035734953831562,0.6001411560551447,2.231887566865645,1.4345017066470374,-0.0
17,204,0.43416371176699,0.0,0.0,0.5,-0.0,-0.0,0.2266421848578937,0.087719298245614,0.0,0.0,233.01000000000005,233.01000000000005,1.8331946367563403,0.1,111.53818752194734,70.07899364690593,0.9035734953831562,0.6001411560551447,2.231887566865645,1.4345017066470374,38.245868694769555
17,205,0.4348327797633702,0.0,0.0,0.5,0.0,0.0,0.2279789840514622,0.0877192982456147,0.0,0.0,233.01,233.01,1.803703536852038,0.1,68.50768470746439,68.50768470746439,0.887053540934478,0.5917794428490498,2.1942950976518474,1.413111976052229,76.7173222534538
17,206,0.4262448715048349,0.0,0.0,0.5,0.0,0.0,0.2108203261922493,0.0877192982456141,0.0,0.0,233.00999999999996,233.00999999999996,1.3853498054994786,0.1,63.35150802077094,63.35150802077094,0.5839326636207394,0.5806000582221532,1.3871795061093757,1.383520104889581,112.29325229839588
17,207,0.4323028051481952,0.0,0.0,0.5,0.0,0.0,0.2229240897154466,0.0877192982456141,0.0,0.0,233.00999999999996,233.00999999999996,1.286370920274686,0.1,66.98868895949172,66.98868895949172,0.5438680056002598,0.5438335502258625,1.286389837311662,1.2863520032377118,149.91169243787752
17,208,0.4265084967014066,0.0,0.0,0.5,0.0,0.0,0.2113470498617233,0.0877192982456141,0.0,0.0,233.00999999999996,233.00999999999996,1.3540184288912864,0.1,63.50978848344786,63.50978848344786,0.5689417739547891,0.5689414177251481,1.3540186244720744,1.3540182333104975,185.57650710204337
17,209,0.4351170723734268,0.0,0.0,0.5,0.0,0.0,0.228547001254371,0.0877192982456141,0.0,0.0,233.00999999999996,233.00999999999996,1.2891507452340334,0.1,68.67837387693851,68.67837387693851,0.5447912964143938,0.5447912927313818,1.2891507472561183,1.2891507432119491,224.14381356371857
17,210,0.4279700543297108,0.0,0.0,0.5,0.0,0.0,0.2142672449232702,0.0877192982456141,0.0,0.0,233.00999999999996,233.00999999999996,1.3857168561259885,0.1,64.38730709944271,64.38730709944271,0.5808492369167599,0.5808492368786818,1.3857168561468944,1.385716856105082,260.30141114452044
17,211,0.4290912925899968,0.0,0.0,0.5,0.0,0.0,0.2165074812075577,0.0877192982456141,0.0,0.0,233.00999999999996,233.00999999999996,1.305779316357948,0.1,65.06049810287112,65.06049810287112,0.5511291307268801,0.5511291307264864,1.3057793163581648,1.3057793163577325,296.8370485982962
17,212,0.4311208609578659,0.0,0.0,0.5,0.0,0.0,0.2205625628616419,0.0877192982456141,0.0,0.0,233.00999999999996,233.00999999999996,1.317967981213928,0.1,66.27905013992341,66.27905013992341,0.5554662313098234,0.5554662313098194,1.3179679812139304,1.317967981213926,334.0569810811983
17,213,0.4292053354674887,0.0,0.0,0.5,0.0,0.0,0.2167353391046444,0.0877192982456141,0.0,0.0,233.00999999999996,233.00999999999996,1.340882005553253,0.1,65.12896940094566,65.12896940094566,0.564103640187737,0.564103640187737,1.3408820055532535,1.3408820055532535,370.63106955510705
17,214,0.4261257965654206,0.0,0.0,0.5,0.0,0.0,0.2105824142253875,0.0877192982456141,0.0,0.0,233.00999999999996,233.00999999999996,1.31944202442964,0.1,63.28001547472896,63.28001547472896,0.5561239560839336,0.5561239560839337,1.3194420244296414,1.3194420244296414,406.1668519556411
17,215,1.0126783266348485,0.0,0.0,0.5,441.1480467877069,0.0,0.207295969375207,0.0877192982456141,0.0,0.0,233.00999999999996,233.00999999999996,1.2846544872154586,0.1,650.4898345141924,62.29243879724972,0.5430003541688483,0.5430003541688482,1.284654487215459,1.284654487215459,-0.0
18,216,0.4199844100768179,0.0,0.0,0.5,-0.0,-0.0,0.198311911750657,0.087719298245614,0.0,0.0,233.01000000000005,233.01000000000005,1.2846544872154586,0.1,650.4898345141924,62.29243879724972,0.5430003541688483,0.5430003541688482,1.284654487215459,1.284654487215459,42.495409660855074
18,217,0.6542156624595251,0.0,817.7603626005554,0.5,0.0,0.0,0.1994816110450294,0.0877192982456147,0.0,233.64581788587296,233.01,466.6558178858729,0.0,0.1,59.94422411903135,59.94422411903135,4.676497284475371,0.5358715816460168,12.295587083029318,1.2659446350561776,85.24146917050422
18,218,0.4560046523776796,0.0,150.3222963558655,0.5,0.0,0.0,0.1844677854182181,0.0877192982456141,0.0,42.949227530247285,233.00999999999996,275.95922753024723,0.0,0.1,55.43256951817457,55.43256951817457,0.5649857365102539,0.5182066470498495,1.2721366625361672,1.2207704080420336,124.77028033155096
18,219,0.4575069193814121,0.0,137.02780908613855,0.5,0.0,0.0,0.1950585785010158,0.0877192982456141,0.0,39.15080259603959,233.00999999999996,272.16080259603956,0.0,0.1,58.61510283955525,58.61510283955525,0.4867320002534887,0.4862483573229432,1.1364828569559975,1.135951787921922,166.56854715319722
18,220,0.4544705103051054,0.0,144.14544693735473,0.5,0.0,0.0,0.1849286686290079,0.0877192982456141,0.0,41.18441341067278,233.00999999999996,274.1944134106727,0.0,0.1,55.57106492301688,55.57106492301688,0.5082959943910298,0.5082909940695833,1.195238623746079,1.1952331330923078,206.1961190022703
18,221,0.4600455219658348,0.0,137.29422475434615,0.5,0.0,0.0,0.1999786260975746,0.0877192982456141,0.0,39.22692135838462,233.00999999999996,272.23692135838456,0.0,0.1,60.09357714232118,60.09357714232118,0.4871118630259045,0.4871118113282304,1.1384264359652212,1.1384263791980649,249.0486817374649
18,222,0.4567049333057128,0.0,147.48990720279923,0.5,0.0,0.0,0.1874838393078614,0.0877192982456141,0.0,42.139973486514066,233.00999999999996,275.149973486514,0.0,0.1,56.33889371201236,56.33889371201236,0.5187086017685656,0.51870860123407,1.2229677217096997,1.2229677211227914,289.22379016057806
18,223,0.4552735309674463,0.0,139.04620684674074,0.5,0.0,0.0,0.189444046056613,0.0877192982456141,0.0,39.727487670497354,233.00999999999996,272.73748767049733,0.0,0.1,56.92793584001223,56.92793584001223,0.4926346397195139,0.4926346397139877,1.1529536222811496,1.1529536222750816,329.81894288699516
18,224,0.4574188406362482,0.0,140.33923756094828,0.5,0.0,0.0,0.1929922425039367,0.0877192982456141,0.0,40.096925017413795,233.00999999999996,273.10692501741374,0.0,0.1,57.99416887243299,57.99416887243299,0.4964862965586007,0.4964862965585436,1.1636752699913109,1.1636752699912478,371.17442342355304
18,225,0.4564333344344677,0.0,142.75626266899673,0.5,0.0,0.0,0.1896434217165639,0.0877192982456141,0.0,40.78750361971335,233.00999999999996,273.7975036197133,0.0,0.1,56.98784822582746,56.98784822582746,0.5040358595423444,0.5040358595423439,1.1837169375538703,1.18371693755387,411.8122995056739
18,226,0.453091752903526,0.0,140.4918151982845,0.5,0.0,0.0,0.1842596124472141,0.0877192982456141,0.0,40.14051862808129,233.00999999999996,273.1505186280813,0.0,0.1,55.370013540387845,55.370013540387845,0.4970370978841676,0.4970370978841675,1.1649404245297224,1.164940424529722,451.296502172934
18,227,1.1041568366408627,0.0,136.82269264748072,0.5,490.16449643078533,0.0,0.1813839732033061,0.0877192982456141,0.0,39.09219789928021,233.00999999999993,272.10219789928016,0.0,0.1,708.0585458553073,54.50588394759351,0.4855691718709437,0.4855691718709437,1.1345165227817626,1.1345165227817626,-0.0
19,228,0.4448973062859261,0.0,136.82269264748058,0.5,-0.0,-0.0,0.1699816386434202,0.087719298245614,0.0,39.092197899280166,233.01000000000005,272.1021978992802,0.0,0.1,708.0585458553073,54.50588394759351,0.4855691718709437,0.4855691718709437,1.1345165227817626,1.1345165227817626,42.495409660855074
19,229,0.6559747407520712,0.0,873.8374097884861,0.5,0.0,0.0,0.1709842380385966,0.0877192982456147,0.0,249.66783136813888,233.01,482.67783136813887,0.0,0.1,51.38076353059829,51.38076353059829,5.0800518580409015,0.4793566326749539,13.373328804334047,1.118170528808341,85.24146917050426
19,230,0.4373563624883744,0.0,131.21634504420652,0.5,0.0,0.0,0.158115244644187,0.0877192982456141,0.0,37.49038429834472,233.00999999999996,270.50038429834467,0.0,0.1,47.5136310155782,47.5136310155782,0.5092639971365588,0.4572872310694428,1.116566203112052,1.059492587007459,124.77028033155102
19,231,0.4384185938102967,0.0,119.03207885711376,0.5,0.0,0.0,0.1671930672865849,0.0877192982456141,0.0,34.00916538774679,233.00999999999996,267.01916538774674,0.0,0.1,50.24151671961879,50.24151671961879,0.4303526022568949,0.4298152212229555,0.98729403385072,0.9867039571461912,166.56854715319727
19,232,0.4358136268079039,0.0,125.12475402155876,0.5,0.0,0.0,0.1585102873962924,0.0877192982456141,0.0,35.74992972044536,233.00999999999996,268.7599297204453,0.0,0.1,47.63234136258588,47.63234136258588,0.4487136470396927,0.4487080911269746,1.0375217404258823,1.0375156396994702,206.1961190022704
19,233,0.4405921841350855,0.0,119.2521935276414,0.5,0.0,0.0,0.1714102509407782,0.0877192982456141,0.0,34.072055293611825,233.00999999999996,267.0820552936118,0.0,0.1,51.508780407703874,51.508780407703874,0.4305545548971559,0.4305544974552959,0.9888241901413004,0.9888241270666824,249.04868173746496
19,234,0.4377288221772809,0.0,127.99134904007992,0.5,0.0,0.0,0.1607004336924526,0.0877192982456141,0.0,36.56895686859426,233.00999999999996,269.5789568685942,0.0,0.1,48.29048032458202,48.29048032458202,0.4576374607380973,0.4576374601442133,1.0612881349867558,1.0612881343346356,289.2237901605781
19,235,0.4365019058847624,0.0,120.75389158301483,0.5,0.0,0.0,0.1623806109056683,0.0877192982456141,0.0,34.50111188086138,233.00999999999996,267.51111188086134,0.0,0.1,48.795373577153335,48.795373577153335,0.4352883502750924,0.4352883502689522,1.0012760496137758,1.0012760496070336,329.8189428869952
19,236,0.4383407427437089,0.0,121.86220362367092,0.5,0.0,0.0,0.1654219221462314,0.0877192982456141,0.0,34.817772463905975,233.00999999999996,267.82777246390594,0.0,0.1,49.70928760494255,49.70928760494255,0.4385897704214828,0.4385897704214194,1.010466033363807,1.0104660333637372,371.1744234235531
19,237,0.4374960231421825,0.0,123.9339394305686,0.5,0.0,0.0,0.1625515043284833,0.0877192982456141,0.0,35.40969698016245,233.00999999999996,268.4196969801624,0.0,0.1,48.84672705070925,48.84672705070925,0.4450608244075343,0.4450608244075337,1.0276446055602706,1.0276446055602697,411.81229950567393
19,238,0.4346318104013754,0.0,121.9929844556724,0.5,0.0,0.0,0.1579368106690406,0.0877192982456141,0.0,34.8551384159064,233.00999999999996,267.86513841590636,0.0,0.1,47.46001160604673,47.46001160604673,0.4390618858433827,0.4390618858433825,1.0115504515395723,1.011550451539572,451.2965021729341
19,239,1.086052262448766,0.0,118.84802226926884,0.5,490.1644964307854,0.0,0.1554719770314052,0.0877192982456141,0.0,33.95657779121967,233.00999999999996,266.9665777912196,0.0,0.1,700.2719910056512,46.71932909793729,0.429232234974905,0.429232234974905,0.9854728214698926,0.9854728214698923,-0.0
20,240,0.42558238448769375,0.0,118.84802226926905,0.5,-0.0,-0.0,0.14165136553618354,0.08771929824561409,0.0,33.95657779121973,233.01000000000005,266.9665777912198,0.0,0.1,700.2719910056512,46.71932909793729,0.429232234974905,0.429232234974905,0.9854728214698926,0.9854728214698923,42.49540966085507
20,241,0.6366566477756459,0.0,856.144357535017,0.5,0.0,0.0,0.14248686503216385,0.08771929824561475,0.0,244.61267358143343,233.01,477.62267358143345,0.0,0.1,42.81730294216524,42.81730294216524,5.02460242674429,0.42390720137834237,13.226620245018385,0.971461969492674,85.24146917050423
20,242,0.41861015730283824,0.0,111.76769019573896,0.5,0.0,0.0,0.13176270387015585,0.08771929824561413,0.0,31.933625770211133,233.00999999999996,264.9436257702111,0.0,0.1,39.59469251298184,39.59469251298184,0.4483555334441882,0.3963787673770723,0.9553004083486394,0.8982267922440463,124.77028033155099
20,243,0.4193292559056502,0.0,101.0328054607302,0.5,0.0,0.0,0.13932755607215414,0.08771929824561413,0.0,28.866515845922915,233.00999999999996,261.8765158459229,0.0,0.1,41.86793059968232,41.86793059968232,0.37391957939119086,0.3733821983572515,0.8380463274130455,0.8374562507085167,166.56854715319724
20,244,0.4171567328443175,0.0,106.10402447341565,0.5,0.0,0.0,0.13209190616357705,0.08771929824561413,0.0,30.31543556383304,233.00999999999996,263.325435563833,0.0,0.1,39.693617802154904,39.693617802154904,0.38913074526779856,0.38912518935508045,0.8798042483185597,0.8797981475921473,206.19611900227036
20,245,0.4211388461961255,0.0,101.21016192219957,0.5,0.0,0.0,0.1428418757839819,0.08771929824561413,0.0,28.91718912062845,233.00999999999996,261.92718912062844,0.0,0.1,42.92398367308656,42.92398367308656,0.3739972410363252,0.37399718359446527,0.8392219380232091,0.8392218749485911,249.04868173746493
20,246,0.41875271104773026,0.0,108.4927908734449,0.5,0.0,0.0,0.13391702807704386,0.08771929824561413,0.0,30.997940249555686,233.00999999999996,264.00794024955565,0.0,0.1,40.242066937151684,40.242066937151684,0.3965663196483658,0.39656631905448186,0.8996085481987376,0.8996085475466172,289.2237901605781
20,247,0.41773028080206714,0.0,102.4615763192484,0.5,0.0,0.0,0.1353171757547236,0.08771929824561413,0.0,29.27473609121383,233.00999999999996,262.2847360912138,0.0,0.1,40.66281131429445,40.66281131429445,0.3779420608300582,0.37794206082391807,0.8495984769457292,0.849598476938987,329.8189428869952
20,248,0.41926264485116954,0.0,103.38516968639316,0.5,0.0,0.0,0.1378516017885262,0.08771929824561413,0.0,29.538619910398044,233.00999999999996,262.54861991039803,0.0,0.1,41.424406337452126,41.424406337452126,0.3806932442843586,0.38069324428429513,0.8572567967362965,0.8572567967362268,371.1744234235531
20,249,0.4185587118498973,0.0,105.11161619214053,0.5,0.0,0.0,0.13545958694040278,0.08771929824561413,0.0,30.03189034061158,233.00999999999996,263.04189034061153,0.0,0.1,40.70560587559103,40.70560587559103,0.3860857892727243,0.38608578927272363,0.8715722735666713,0.8715722735666707,411.81229950567393
20,250,0.4161718678992247,0.0,103.49415371306033,0.5,0.0,0.0,0.13161400889086722,0.08771929824561413,0.0,29.56975820373152,233.00999999999996,262.5797582037315,0.0,0.1,39.5500096717056,39.5500096717056,0.3810866738025978,0.38108667380259775,0.8581604785494221,0.8581604785494221,451.2965021729341
20,251,1.0679476882566694,0.0,100.87335189105755,0.5,490.1644964307854,0.0,0.1295599808595044,0.08771929824561413,0.0,28.8209576831593,233.00999999999996,261.8309576831593,0.0,0.1,692.485436155995,38.93277424828108,0.37289529807886646,0.37289529807886646,0.8364291201580227,0.8364291201580227,-0.0
